<?xml version = '1.0' encoding = 'UTF-8'?>
<relationalModel class="oracle.dbtools.crest.model.design.relational.RelationalDesign" name="Relational_1" id="57C60768-A0F9-EAE7-1A18-E77F7800975D" mainViewID="3BCBD8AC-C625-23AC-0BF5-3DF1FC524A0C">
<createdBy>Lenovo</createdBy>
<createdTime>2025-10-12 21:24:12 UTC</createdTime>
<ownerDesignName>Exp3_s9_KevinLovera_modeloRelacional</ownerDesignName>
<shouldBeOpen>false</shouldBeOpen>
<selectedRDBMSSite>32076570-2523-435C-2E92-BF29817DFF70</selectedRDBMSSite>
</relationalModel>