<?xml version = '1.0' encoding = 'UTF-8'?>
<Table class="oracle.dbtools.crest.model.design.relational.Table" directorySegmentName="seg_0" id="751094E1-8FA6-ECBB-0F3A-3D6BC0E07AA7" name="REGION">
<createdBy>Lenovo</createdBy>
<createdTime>2025-10-13 00:41:56 UTC</createdTime>
<generatorID>7BA04A46-36A1-980E-FC0A-BD8FD6BF2917</generatorID>
<ownerDesignName>Exp3_s9_KevinLovera_modeloRelacional</ownerDesignName>
<allowColumnReorder>false</allowColumnReorder>
<existDependencyGenerateInDDl>true</existDependencyGenerateInDDl>
<parsed>true</parsed>
<columns itemClass="oracle.dbtools.crest.model.design.relational.Column">
<Column name="id_region" id="72C06344-96C0-D4DB-4F69-C02816780858">
<createdBy>Lenovo</createdBy>
<createdTime>2025-10-13 00:41:56 UTC</createdTime>
<generatorID>C3DE2CB5-4DF9-0F8F-3204-323679A73E92</generatorID>
<ownerDesignName>Exp3_s9_KevinLovera_modeloRelacional</ownerDesignName>
<useDomainConstraints>false</useDomainConstraints>
<use>1</use>
<logicalDatatype>LOGDT019</logicalDatatype>
<ownDataTypeParameters>,,</ownDataTypeParameters>
<autoIncrementCycle>false</autoIncrementCycle>
</Column>
<Column name="nombre_region" id="C7AD61AE-394D-7ED3-CBDB-D1CB3AEA9D3B">
<createdBy>Lenovo</createdBy>
<createdTime>2025-10-13 00:41:56 UTC</createdTime>
<generatorID>736E54D8-CF47-7E41-6EAD-7E699F4C343D</generatorID>
<ownerDesignName>Exp3_s9_KevinLovera_modeloRelacional</ownerDesignName>
<useDomainConstraints>false</useDomainConstraints>
<use>1</use>
<logicalDatatype>LOGDT024</logicalDatatype>
<dataTypeSize>15</dataTypeSize>
<ownDataTypeParameters>15,,</ownDataTypeParameters>
<autoIncrementCycle>false</autoIncrementCycle>
</Column>
</columns>
<indexes itemClass="oracle.dbtools.crest.model.design.relational.Index">
<ind_PK_UK id="BC3AABDA-2A0C-914D-4DF7-7B3B65A27F14" name="REGION_PK">
<createdBy>Lenovo</createdBy>
<createdTime>2025-10-13 00:41:56 UTC</createdTime>
<generatorID>56C126F1-F228-5E05-6795-46852B40217E</generatorID>
<ownerDesignName>Exp3_s9_KevinLovera_modeloRelacional</ownerDesignName>
<pk>true</pk>
<indexState>Primary Constraint</indexState>
<isSurrogateKey>false</isSurrogateKey>
<indexColumnUsage>
<colUsage columnID="72C06344-96C0-D4DB-4F69-C02816780858"/>
</indexColumnUsage>
</ind_PK_UK>
</indexes>
</Table>