<?xml version = '1.0' encoding = 'UTF-8'?>
<Table class="oracle.dbtools.crest.model.design.relational.Table" directorySegmentName="seg_0" id="89533C27-5CA7-0899-AE27-A11019124951" name="PLANTA">
<createdBy>Lenovo</createdBy>
<createdTime>2025-10-13 00:41:56 UTC</createdTime>
<generatorID>91A340C3-BD28-52A4-284B-4DA45306E760</generatorID>
<ownerDesignName>Exp3_s9_KevinLovera_modeloRelacional</ownerDesignName>
<allowColumnReorder>false</allowColumnReorder>
<existDependencyGenerateInDDl>true</existDependencyGenerateInDDl>
<parsed>true</parsed>
<columns itemClass="oracle.dbtools.crest.model.design.relational.Column">
<Column name="id_planta" id="88697129-3BA7-8531-49B0-3B20F546DD5B">
<createdBy>Lenovo</createdBy>
<createdTime>2025-10-13 00:41:56 UTC</createdTime>
<generatorID>B76B3EF9-D138-6966-464A-1E32464F5F5F</generatorID>
<ownerDesignName>Exp3_s9_KevinLovera_modeloRelacional</ownerDesignName>
<useDomainConstraints>false</useDomainConstraints>
<use>1</use>
<logicalDatatype>LOGDT019</logicalDatatype>
<dataTypePrecision>10</dataTypePrecision>
<ownDataTypeParameters>,10,</ownDataTypeParameters>
<autoIncrementCycle>false</autoIncrementCycle>
</Column>
<Column name="nombre_planta" id="57ADAF79-ACC9-7A6C-766A-0D84873CD61A">
<createdBy>Lenovo</createdBy>
<createdTime>2025-10-13 00:41:56 UTC</createdTime>
<generatorID>ED1D5B01-393F-B332-33A5-823006B46278</generatorID>
<ownerDesignName>Exp3_s9_KevinLovera_modeloRelacional</ownerDesignName>
<useDomainConstraints>false</useDomainConstraints>
<use>1</use>
<logicalDatatype>LOGDT019</logicalDatatype>
<ownDataTypeParameters>,,</ownDataTypeParameters>
<autoIncrementCycle>false</autoIncrementCycle>
</Column>
<Column name="direccion" id="00963840-A060-DC32-9B5C-FEFC1D94B0FF">
<createdBy>Lenovo</createdBy>
<createdTime>2025-10-13 00:41:56 UTC</createdTime>
<generatorID>D65B4725-AEC0-60B5-D25D-8290B6961790</generatorID>
<ownerDesignName>Exp3_s9_KevinLovera_modeloRelacional</ownerDesignName>
<useDomainConstraints>false</useDomainConstraints>
<use>1</use>
<logicalDatatype>LOGDT024</logicalDatatype>
<dataTypeSize>20</dataTypeSize>
<ownDataTypeParameters>20,,</ownDataTypeParameters>
<autoIncrementCycle>false</autoIncrementCycle>
</Column>
<Column name="COMUNA_id_comuna" id="19CCB1A0-1096-46EA-324B-14D6DDFAFF1D">
<createdBy>Lenovo</createdBy>
<createdTime>2025-10-13 00:41:56 UTC</createdTime>
<generatorID>15430E2F-D159-111A-42D5-6369C1E9379A</generatorID>
<ownerDesignName>Exp3_s9_KevinLovera_modeloRelacional</ownerDesignName>
<nullsAllowed>true</nullsAllowed>
<useDomainConstraints>false</useDomainConstraints>
<use>1</use>
<logicalDatatype>LOGDT019</logicalDatatype>
<dataTypePrecision>10</dataTypePrecision>
<ownDataTypeParameters>,,</ownDataTypeParameters>
<previousColumn>false</previousColumn>
<autoIncrementCycle>false</autoIncrementCycle>
<associations>
<colAssociation fkAssociation="614BDCEE-B3C7-AC0D-F388-0347B1938F5E" referredColumn="AD885EDB-1D1D-5477-44BF-8D52135C8B59"/>
</associations>
</Column>
</columns>
<indexes itemClass="oracle.dbtools.crest.model.design.relational.Index">
<ind_PK_UK id="8162C4B9-D050-3F38-8C65-A7F4C077B7A1" name="PLANTA_PK">
<createdBy>Lenovo</createdBy>
<createdTime>2025-10-13 00:41:56 UTC</createdTime>
<generatorID>A0D8E91E-0797-1B69-3C22-C1697B3E16EC</generatorID>
<ownerDesignName>Exp3_s9_KevinLovera_modeloRelacional</ownerDesignName>
<pk>true</pk>
<indexState>Primary Constraint</indexState>
<isSurrogateKey>false</isSurrogateKey>
<indexColumnUsage>
<colUsage columnID="88697129-3BA7-8531-49B0-3B20F546DD5B"/>
</indexColumnUsage>
</ind_PK_UK>
<ind_PK_UK id="831BFA52-BCAA-CEEF-F9B9-BBFC51F9540B" name="PLANTA_COMUNA_FK">
<createdBy>Lenovo</createdBy>
<createdTime>2025-10-13 00:41:56 UTC</createdTime>
<generatorID>DCE89D06-FBD5-ED9F-48CA-86194F138F3B</generatorID>
<ownerDesignName>Exp3_s9_KevinLovera_modeloRelacional</ownerDesignName>
<indexState>Foreign Key</indexState>
<isSurrogateKey>false</isSurrogateKey>
<indexColumnUsage>
<colUsage columnID="19CCB1A0-1096-46EA-324B-14D6DDFAFF1D"/>
</indexColumnUsage>
</ind_PK_UK>
</indexes>
</Table>