<?xml version = '1.0' encoding = 'UTF-8'?>
<Table class="oracle.dbtools.crest.model.design.relational.Table" directorySegmentName="seg_0" id="B74EC20B-614D-4915-04BE-70D1BF474677" name="TURNO">
<createdBy>Lenovo</createdBy>
<createdTime>2025-10-13 00:41:56 UTC</createdTime>
<generatorID>4FE97E5C-276D-23C7-9FBC-F21F75F0A9DA</generatorID>
<ownerDesignName>Exp3_s9_KevinLovera_modeloRelacional</ownerDesignName>
<allowColumnReorder>false</allowColumnReorder>
<existDependencyGenerateInDDl>true</existDependencyGenerateInDDl>
<parsed>true</parsed>
<columns itemClass="oracle.dbtools.crest.model.design.relational.Column">
<Column name="id_turno" id="3E32C399-1DD2-0108-0F08-60E4420A9A2A">
<createdBy>Lenovo</createdBy>
<createdTime>2025-10-13 00:41:56 UTC</createdTime>
<generatorID>DCB93F8C-858F-CAAA-2BCB-868A4DDC3B90</generatorID>
<ownerDesignName>Exp3_s9_KevinLovera_modeloRelacional</ownerDesignName>
<useDomainConstraints>false</useDomainConstraints>
<use>1</use>
<logicalDatatype>LOGDT019</logicalDatatype>
<ownDataTypeParameters>,,</ownDataTypeParameters>
<autoIncrementCycle>false</autoIncrementCycle>
</Column>
<Column name="nombre_turno" id="DF779D7D-CC6F-3ACB-8E1C-50CD95DCD0AD">
<createdBy>Lenovo</createdBy>
<createdTime>2025-10-13 00:41:56 UTC</createdTime>
<generatorID>ADC5F0CE-91A4-C084-2817-D93BCF6CBB33</generatorID>
<ownerDesignName>Exp3_s9_KevinLovera_modeloRelacional</ownerDesignName>
<useDomainConstraints>false</useDomainConstraints>
<use>1</use>
<logicalDatatype>LOGDT024</logicalDatatype>
<dataTypeSize>15</dataTypeSize>
<ownDataTypeParameters>15,,</ownDataTypeParameters>
<autoIncrementCycle>false</autoIncrementCycle>
</Column>
<Column name="hora_inicio" id="FEC1A15E-2E66-ADB5-5A23-3206A310D4C9">
<createdBy>Lenovo</createdBy>
<createdTime>2025-10-13 00:41:56 UTC</createdTime>
<generatorID>004E0EA3-7FCD-624C-265D-A1A6D68032C6</generatorID>
<ownerDesignName>Exp3_s9_KevinLovera_modeloRelacional</ownerDesignName>
<useDomainConstraints>false</useDomainConstraints>
<use>1</use>
<logicalDatatype>LOGDT008</logicalDatatype>
<ownDataTypeParameters>,,</ownDataTypeParameters>
<autoIncrementCycle>false</autoIncrementCycle>
</Column>
<Column name="hora_fin" id="EAE69FD1-7AB0-3F5D-E0D6-B567EC8EF9AC">
<createdBy>Lenovo</createdBy>
<createdTime>2025-10-13 00:41:56 UTC</createdTime>
<generatorID>E0036F29-65AA-3121-ED71-37E85F0EA687</generatorID>
<ownerDesignName>Exp3_s9_KevinLovera_modeloRelacional</ownerDesignName>
<useDomainConstraints>false</useDomainConstraints>
<use>1</use>
<logicalDatatype>LOGDT008</logicalDatatype>
<ownDataTypeParameters>,,</ownDataTypeParameters>
<autoIncrementCycle>false</autoIncrementCycle>
</Column>
<Column name="JEFE_TURNO_id_empleado" id="E16A9162-0082-18DF-D147-76C05F46BCDA">
<createdBy>Lenovo</createdBy>
<createdTime>2025-10-13 00:41:56 UTC</createdTime>
<generatorID>81A25658-7F3B-8649-BE92-74A1B3C3A81E</generatorID>
<ownerDesignName>Exp3_s9_KevinLovera_modeloRelacional</ownerDesignName>
<useDomainConstraints>false</useDomainConstraints>
<use>1</use>
<logicalDatatype>LOGDT019</logicalDatatype>
<dataTypePrecision>10</dataTypePrecision>
<ownDataTypeParameters>,,</ownDataTypeParameters>
<previousColumn>false</previousColumn>
<autoIncrementCycle>false</autoIncrementCycle>
<associations>
<colAssociation fkAssociation="201125EB-215A-0AD0-2650-F76682064237" referredColumn="6CD38AB4-FAA9-5D63-2C2F-8C7775472D39"/>
</associations>
</Column>
</columns>
<indexes itemClass="oracle.dbtools.crest.model.design.relational.Index">
<ind_PK_UK id="842FEFF1-1298-4D7E-7912-8C6509D0A54D" name="TURNO_PK">
<createdBy>Lenovo</createdBy>
<createdTime>2025-10-13 00:41:56 UTC</createdTime>
<generatorID>D48FD84C-5B68-7A15-CA61-DF157ED82D55</generatorID>
<ownerDesignName>Exp3_s9_KevinLovera_modeloRelacional</ownerDesignName>
<pk>true</pk>
<indexState>Primary Constraint</indexState>
<isSurrogateKey>false</isSurrogateKey>
<indexColumnUsage>
<colUsage columnID="3E32C399-1DD2-0108-0F08-60E4420A9A2A"/>
</indexColumnUsage>
</ind_PK_UK>
<ind_PK_UK id="EB6C9A97-4A25-612F-29D2-A98D4AEE67DE" name="TURNO_JEFE_TURNO_FK">
<createdBy>Lenovo</createdBy>
<createdTime>2025-10-13 00:41:56 UTC</createdTime>
<generatorID>7F42E1A1-3FF0-0613-FF5E-63E7D5A24490</generatorID>
<ownerDesignName>Exp3_s9_KevinLovera_modeloRelacional</ownerDesignName>
<indexState>Foreign Key</indexState>
<isSurrogateKey>false</isSurrogateKey>
<indexColumnUsage>
<colUsage columnID="E16A9162-0082-18DF-D147-76C05F46BCDA"/>
</indexColumnUsage>
</ind_PK_UK>
</indexes>
</Table>