<?xml version = '1.0' encoding = 'UTF-8'?>
<Table class="oracle.dbtools.crest.model.design.relational.Table" directorySegmentName="seg_0" id="C3B4B35B-6F36-0D19-EA3A-2479F2830835" name="ORDEN_MANTENCION">
<createdBy>Lenovo</createdBy>
<createdTime>2025-10-13 00:41:56 UTC</createdTime>
<generatorID>BEF7FF5D-6BE3-CF8A-310B-0A50B0C48CBF</generatorID>
<ownerDesignName>Exp3_s9_KevinLovera_modeloRelacional</ownerDesignName>
<allowColumnReorder>false</allowColumnReorder>
<existDependencyGenerateInDDl>true</existDependencyGenerateInDDl>
<parsed>true</parsed>
<columns itemClass="oracle.dbtools.crest.model.design.relational.Column">
<Column name="id_orden" id="641CA971-A48E-F4A8-304E-CF53DE0FEFCF">
<createdBy>Lenovo</createdBy>
<createdTime>2025-10-13 00:41:56 UTC</createdTime>
<generatorID>30F8AE8E-A829-F038-533F-C52CBB63710E</generatorID>
<ownerDesignName>Exp3_s9_KevinLovera_modeloRelacional</ownerDesignName>
<useDomainConstraints>false</useDomainConstraints>
<use>1</use>
<logicalDatatype>LOGDT019</logicalDatatype>
<ownDataTypeParameters>,,</ownDataTypeParameters>
<autoIncrementCycle>false</autoIncrementCycle>
</Column>
<Column name="fecha_programada" id="B18FAAEE-454F-EF3A-1ADF-C444E43026AD">
<createdBy>Lenovo</createdBy>
<createdTime>2025-10-13 00:41:56 UTC</createdTime>
<generatorID>D015DD60-438F-8A30-B362-DDEDF442806B</generatorID>
<ownerDesignName>Exp3_s9_KevinLovera_modeloRelacional</ownerDesignName>
<useDomainConstraints>false</useDomainConstraints>
<use>1</use>
<logicalDatatype>LOGDT007</logicalDatatype>
<ownDataTypeParameters>,,</ownDataTypeParameters>
<autoIncrementCycle>false</autoIncrementCycle>
</Column>
<Column name="fecha_ejecucion" id="C6DC1C47-7CAA-A4A7-1E1D-E183C797AD18">
<createdBy>Lenovo</createdBy>
<createdTime>2025-10-13 00:41:56 UTC</createdTime>
<generatorID>7EA61728-34C0-4BF2-3206-0A1791099F02</generatorID>
<ownerDesignName>Exp3_s9_KevinLovera_modeloRelacional</ownerDesignName>
<useDomainConstraints>false</useDomainConstraints>
<use>1</use>
<logicalDatatype>LOGDT007</logicalDatatype>
<ownDataTypeParameters>,,</ownDataTypeParameters>
<autoIncrementCycle>false</autoIncrementCycle>
</Column>
<Column name="MAQUINA_numero_maquina" id="76DD3C48-8E41-2B06-0828-F80790593390">
<createdBy>Lenovo</createdBy>
<createdTime>2025-10-13 00:41:56 UTC</createdTime>
<generatorID>35DD3F69-5080-4D00-1D17-786C1ADFFE4C</generatorID>
<ownerDesignName>Exp3_s9_KevinLovera_modeloRelacional</ownerDesignName>
<useDomainConstraints>false</useDomainConstraints>
<use>1</use>
<logicalDatatype>LOGDT019</logicalDatatype>
<dataTypePrecision>10</dataTypePrecision>
<ownDataTypeParameters>,,</ownDataTypeParameters>
<previousColumn>false</previousColumn>
<autoIncrementCycle>false</autoIncrementCycle>
<associations>
<colAssociation fkAssociation="59F152BA-1A12-AA0D-EE80-2B829F5C954B" referredColumn="84FA9CE1-53F4-46A8-E50B-52A106416D71"/>
</associations>
</Column>
<Column name="TECNICO_MANTENCION_id_empleado" id="2EECEC5A-5728-20DE-B3A1-3C1DEE0B9258">
<createdBy>Lenovo</createdBy>
<createdTime>2025-10-13 00:41:56 UTC</createdTime>
<generatorID>694A54D6-0EFB-81F0-955F-24B59BCAA50C</generatorID>
<ownerDesignName>Exp3_s9_KevinLovera_modeloRelacional</ownerDesignName>
<useDomainConstraints>false</useDomainConstraints>
<use>1</use>
<logicalDatatype>LOGDT019</logicalDatatype>
<dataTypePrecision>10</dataTypePrecision>
<ownDataTypeParameters>,,</ownDataTypeParameters>
<previousColumn>false</previousColumn>
<autoIncrementCycle>false</autoIncrementCycle>
<associations>
<colAssociation fkAssociation="DFEAB166-8AE5-65FB-3791-85B1E7939393" referredColumn="3E518C97-3B50-5F36-FAB1-326D0399B01B"/>
</associations>
</Column>
</columns>
<indexes itemClass="oracle.dbtools.crest.model.design.relational.Index">
<ind_PK_UK id="C99278D1-E75D-E719-7EBA-E3FEB6DF03FE" name="ORDEN_MANTENCION_PK">
<createdBy>Lenovo</createdBy>
<createdTime>2025-10-13 00:41:56 UTC</createdTime>
<generatorID>9B6B6664-425D-B402-F5FE-AD5CBD417B9E</generatorID>
<ownerDesignName>Exp3_s9_KevinLovera_modeloRelacional</ownerDesignName>
<pk>true</pk>
<indexState>Primary Constraint</indexState>
<isSurrogateKey>false</isSurrogateKey>
<indexColumnUsage>
<colUsage columnID="641CA971-A48E-F4A8-304E-CF53DE0FEFCF"/>
<colUsage columnID="2EECEC5A-5728-20DE-B3A1-3C1DEE0B9258"/>
</indexColumnUsage>
</ind_PK_UK>
<ind_PK_UK id="4CA8004F-00BB-8416-D435-2899B7DB50E0" name="ORDEN_MANTENCION_MAQUINA_FK">
<createdBy>Lenovo</createdBy>
<createdTime>2025-10-13 00:41:56 UTC</createdTime>
<generatorID>A1E80D6E-55A7-7DC2-969B-32CB0F2C96CE</generatorID>
<ownerDesignName>Exp3_s9_KevinLovera_modeloRelacional</ownerDesignName>
<indexState>Foreign Key</indexState>
<isSurrogateKey>false</isSurrogateKey>
<indexColumnUsage>
<colUsage columnID="76DD3C48-8E41-2B06-0828-F80790593390"/>
</indexColumnUsage>
</ind_PK_UK>
<ind_PK_UK id="3CAD2E93-2891-E7AA-B165-818BDFE6F46B" name="ORDEN_MANTENCION_TECNICO_MANTENCION_FK">
<createdBy>Lenovo</createdBy>
<createdTime>2025-10-13 00:41:56 UTC</createdTime>
<generatorID>6D658415-63B5-F52B-0C30-034D71992C5E</generatorID>
<ownerDesignName>Exp3_s9_KevinLovera_modeloRelacional</ownerDesignName>
<indexState>Foreign Key</indexState>
<isSurrogateKey>false</isSurrogateKey>
<indexColumnUsage>
<colUsage columnID="2EECEC5A-5728-20DE-B3A1-3C1DEE0B9258"/>
</indexColumnUsage>
</ind_PK_UK>
</indexes>
</Table>