<?xml version = '1.0' encoding = 'UTF-8'?>
<Table class="oracle.dbtools.crest.model.design.relational.Table" directorySegmentName="seg_0" id="C43E3699-A734-2F70-4F7E-740120294B6C" name="AFP">
<createdBy>Lenovo</createdBy>
<createdTime>2025-10-13 00:41:56 UTC</createdTime>
<generatorID>043C1B65-5212-9CD8-3725-3F9F8C95A20C</generatorID>
<ownerDesignName>Exp3_s9_KevinLovera_modeloRelacional</ownerDesignName>
<allowColumnReorder>false</allowColumnReorder>
<existDependencyGenerateInDDl>true</existDependencyGenerateInDDl>
<parsed>true</parsed>
<columns itemClass="oracle.dbtools.crest.model.design.relational.Column">
<Column name="id_afp" id="D62FAD57-573B-D4C2-2F0F-4E94DB391D50">
<createdBy>Lenovo</createdBy>
<createdTime>2025-10-13 00:41:56 UTC</createdTime>
<generatorID>533C35DD-787A-6B49-1989-E891BAED02B0</generatorID>
<ownerDesignName>Exp3_s9_KevinLovera_modeloRelacional</ownerDesignName>
<useDomainConstraints>false</useDomainConstraints>
<use>1</use>
<logicalDatatype>LOGDT019</logicalDatatype>
<dataTypePrecision>10</dataTypePrecision>
<ownDataTypeParameters>,10,</ownDataTypeParameters>
<autoIncrementCycle>false</autoIncrementCycle>
</Column>
<Column name="nombre_afp" id="54A22E77-AD88-31FE-0946-0419163ADBA5">
<createdBy>Lenovo</createdBy>
<createdTime>2025-10-13 00:41:56 UTC</createdTime>
<generatorID>A003D4BF-C40B-6607-6643-9BDF0DDF2594</generatorID>
<ownerDesignName>Exp3_s9_KevinLovera_modeloRelacional</ownerDesignName>
<useDomainConstraints>false</useDomainConstraints>
<use>1</use>
<logicalDatatype>LOGDT024</logicalDatatype>
<dataTypeSize>15</dataTypeSize>
<ownDataTypeParameters>15,,</ownDataTypeParameters>
<autoIncrementCycle>false</autoIncrementCycle>
</Column>
</columns>
<indexes itemClass="oracle.dbtools.crest.model.design.relational.Index">
<ind_PK_UK id="D5DA02FE-DC1D-F3FE-44D5-4CD04B8024C0" name="AFP_PK">
<createdBy>Lenovo</createdBy>
<createdTime>2025-10-13 00:41:56 UTC</createdTime>
<generatorID>61BCAB6E-F77A-01A4-37AD-5A368850EF03</generatorID>
<ownerDesignName>Exp3_s9_KevinLovera_modeloRelacional</ownerDesignName>
<pk>true</pk>
<indexState>Primary Constraint</indexState>
<isSurrogateKey>false</isSurrogateKey>
<indexColumnUsage>
<colUsage columnID="D62FAD57-573B-D4C2-2F0F-4E94DB391D50"/>
</indexColumnUsage>
</ind_PK_UK>
</indexes>
</Table>