<?xml version = '1.0' encoding = 'UTF-8'?>
<Table class="oracle.dbtools.crest.model.design.relational.Table" directorySegmentName="seg_0" id="E1F1346D-5036-AEEB-717D-203C48ED1D85" name="OPERARIO">
<createdBy>Lenovo</createdBy>
<createdTime>2025-10-13 00:41:56 UTC</createdTime>
<generatorID>ED9E9CBA-F0C6-B990-57C1-AF7D944B3106</generatorID>
<ownerDesignName>Exp3_s9_KevinLovera_modeloRelacional</ownerDesignName>
<allowColumnReorder>false</allowColumnReorder>
<existDependencyGenerateInDDl>true</existDependencyGenerateInDDl>
<parsed>true</parsed>
<columns itemClass="oracle.dbtools.crest.model.design.relational.Column">
<Column name="id_empleado" id="0A847D0E-16AE-4315-870C-1C3BA203E8D6">
<createdBy>Lenovo</createdBy>
<createdTime>2025-10-13 00:41:56 UTC</createdTime>
<generatorID>0D1FDFA1-2776-E736-CBF8-060480EFB1E1</generatorID>
<ownerDesignName>Exp3_s9_KevinLovera_modeloRelacional</ownerDesignName>
<useDomainConstraints>false</useDomainConstraints>
<use>1</use>
<logicalDatatype>LOGDT019</logicalDatatype>
<dataTypePrecision>10</dataTypePrecision>
<ownDataTypeParameters>,,</ownDataTypeParameters>
<autoIncrementCycle>false</autoIncrementCycle>
<associations>
<colAssociation fkAssociation="95031E2A-7456-04E7-9983-9C76EE57B827" referredColumn="5F5A4F40-E07A-EEE6-439B-FF2C7DAFBF2D"/>
</associations>
</Column>
<Column name="categoria_proceso" id="89262033-D067-55CC-5EA4-69D375C34956">
<createdBy>Lenovo</createdBy>
<createdTime>2025-10-13 00:41:56 UTC</createdTime>
<generatorID>95136E9B-B1E4-FE4D-34BA-ADE520B94720</generatorID>
<ownerDesignName>Exp3_s9_KevinLovera_modeloRelacional</ownerDesignName>
<useDomainConstraints>false</useDomainConstraints>
<use>1</use>
<logicalDatatype>LOGDT024</logicalDatatype>
<dataTypeSize>20</dataTypeSize>
<ownDataTypeParameters>20,,</ownDataTypeParameters>
<autoIncrementCycle>false</autoIncrementCycle>
</Column>
<Column name="certificacion" id="57D2ED3E-417E-7D05-0DE5-B4FB65FDC4FA">
<createdBy>Lenovo</createdBy>
<createdTime>2025-10-13 00:41:56 UTC</createdTime>
<generatorID>FA45B494-9DF2-AC4A-0D95-DEBC4A967120</generatorID>
<ownerDesignName>Exp3_s9_KevinLovera_modeloRelacional</ownerDesignName>
<nullsAllowed>true</nullsAllowed>
<useDomainConstraints>false</useDomainConstraints>
<use>1</use>
<logicalDatatype>LOGDT024</logicalDatatype>
<dataTypeSize>20</dataTypeSize>
<ownDataTypeParameters>20,,</ownDataTypeParameters>
<autoIncrementCycle>false</autoIncrementCycle>
</Column>
<Column name="horas_turno" id="CCA2770C-2C70-E4FB-93B8-0CF819BD56E7">
<createdBy>Lenovo</createdBy>
<createdTime>2025-10-13 00:41:56 UTC</createdTime>
<generatorID>8414FFCE-55B7-71C7-3F5A-E1C7DD76A781</generatorID>
<ownerDesignName>Exp3_s9_KevinLovera_modeloRelacional</ownerDesignName>
<useDomainConstraints>false</useDomainConstraints>
<use>1</use>
<logicalDatatype>LOGDT019</logicalDatatype>
<ownDataTypeParameters>,,</ownDataTypeParameters>
<autoIncrementCycle>false</autoIncrementCycle>
</Column>
</columns>
<indexes itemClass="oracle.dbtools.crest.model.design.relational.Index">
<ind_PK_UK id="5D586556-1C30-1CCC-7F1A-C96395DCE4C8" name="OPERARIO_PK">
<createdBy>Lenovo</createdBy>
<createdTime>2025-10-13 00:41:56 UTC</createdTime>
<generatorID>FAB068EF-7C77-46CA-5F45-51E89E239924</generatorID>
<ownerDesignName>Exp3_s9_KevinLovera_modeloRelacional</ownerDesignName>
<pk>true</pk>
<indexState>Primary Constraint</indexState>
<isSurrogateKey>false</isSurrogateKey>
<indexColumnUsage>
<colUsage columnID="0A847D0E-16AE-4315-870C-1C3BA203E8D6"/>
</indexColumnUsage>
</ind_PK_UK>
<ind_PK_UK id="A0B0D6C2-2580-80F0-BD47-CF7489FAE83D" name="OPERARIO_EMPLEADO_FK">
<createdBy>Lenovo</createdBy>
<createdTime>2025-10-13 00:41:56 UTC</createdTime>
<generatorID>F8FD2C8F-60B1-83C0-F99E-4341CE564A09</generatorID>
<ownerDesignName>Exp3_s9_KevinLovera_modeloRelacional</ownerDesignName>
<indexState>Foreign Key</indexState>
<isSurrogateKey>false</isSurrogateKey>
<indexColumnUsage>
<colUsage columnID="0A847D0E-16AE-4315-870C-1C3BA203E8D6"/>
</indexColumnUsage>
</ind_PK_UK>
</indexes>
</Table>