<?xml version = '1.0' encoding = 'UTF-8'?>
<Diagram class="oracle.dbtools.crest.swingui.logical.DPVLogical" name="Logical" id="B6546332-2526-51C4-CB13-C2DD0DD57B42">
<createdBy>Lenovo</createdBy>
<modifiedBy>Lenovo</modifiedBy>
<createdTime>2025-10-12 21:28:46 UTC</createdTime>
<autoRoute>false</autoRoute>
<boxInbox>false</boxInbox>
<showLegend>false</showLegend>
<showLabels>false</showLabels>
<showRelAttributes>true</showRelAttributes>
<gridEnabled>false</gridEnabled>
<showGrid>false</showGrid>
<diagramColor>-1</diagramColor>
<display>false</display>
<notation>1</notation>
<objectViews>
<OView class="oracle.dbtools.crest.swingui.logical.TVEntity" oid="043C1B65-5212-9CD8-3725-3F9F8C95A20C" otype="Entity" vid="2578E3BB-1BF5-387F-605A-3300DFE4BCB0">
<hideElementsInCurrentOnly>false</hideElementsInCurrentOnly>
<bounds x="356" y="488" width="170" height="110"/>
</OView>
<OView class="oracle.dbtools.crest.swingui.logical.TVEntity" oid="4FE97E5C-276D-23C7-9FBC-F21F75F0A9DA" otype="Entity" vid="DC15C5A7-F220-1176-0F58-1AED61464510">
<hideElementsInCurrentOnly>false</hideElementsInCurrentOnly>
<bounds x="874" y="490" width="170" height="110"/>
</OView>
<OView class="oracle.dbtools.crest.swingui.logical.TVEntity" oid="7106E454-A885-60F5-9534-AD058906640D" otype="Entity" vid="095AFAFE-7A1E-436E-E26C-9666FEDB2F64">
<hideElementsInCurrentOnly>false</hideElementsInCurrentOnly>
<bounds x="1263" y="27" width="170" height="110"/>
</OView>
<OView class="oracle.dbtools.crest.swingui.logical.TVEntity" oid="7BA04A46-36A1-980E-FC0A-BD8FD6BF2917" otype="Entity" vid="F8261DA8-B497-A52E-52DE-B1B2C434CF9A">
<hideElementsInCurrentOnly>false</hideElementsInCurrentOnly>
<bounds x="324" y="14" width="170" height="110"/>
</OView>
<OView class="oracle.dbtools.crest.swingui.logical.TVEntity" oid="91A340C3-BD28-52A4-284B-4DA45306E760" otype="Entity" vid="5621A0B4-28F3-962E-179B-E67855640001">
<hideElementsInCurrentOnly>false</hideElementsInCurrentOnly>
<bounds x="80" y="395" width="170" height="110"/>
</OView>
<OView class="oracle.dbtools.crest.swingui.logical.TVEntity" oid="A188EE89-4A11-26B1-5D21-67DF7459E361" otype="Entity" vid="B29F6962-FE76-2FB4-A6C7-6430A80E38FE">
<hideElementsInCurrentOnly>false</hideElementsInCurrentOnly>
<bounds x="101" y="186" width="170" height="110"/>
</OView>
<OView class="oracle.dbtools.crest.swingui.logical.TVEntity" oid="A27DD705-C316-C6D8-4E79-20476450AA1A" otype="Entity" vid="F2FAF3FC-B98B-0C53-1836-DBB3174BD456">
<hideElementsInCurrentOnly>false</hideElementsInCurrentOnly>
<bounds x="512" y="48" width="717" height="203"/>
</OView>
<OView class="oracle.dbtools.crest.swingui.logical.TVEntity" oid="A7BAA2BE-0823-B3D4-5BA7-A7BAA09527CB" otype="Entity" vid="DFBD6F9E-683A-55F6-837D-0E509CD43DBE">
<hideElementsInCurrentOnly>false</hideElementsInCurrentOnly>
<bounds x="331" y="168" width="170" height="110"/>
</OView>
<OView class="oracle.dbtools.crest.swingui.logical.TVEntity" oid="A8689FA6-B059-602F-F8A0-4CA559051C89" otype="Entity" vid="399F68AF-A65C-0D77-6588-2C2644390544">
<hideElementsInCurrentOnly>false</hideElementsInCurrentOnly>
<bounds x="649" y="481" width="170" height="110"/>
</OView>
<OView class="oracle.dbtools.crest.swingui.logical.TVEntity" oid="BEF7FF5D-6BE3-CF8A-310B-0A50B0C48CBF" otype="Entity" vid="C021E12F-A7FA-3396-EA3B-D1A3E2F980A3">
<hideElementsInCurrentOnly>false</hideElementsInCurrentOnly>
<bounds x="309" y="325" width="170" height="110"/>
</OView>
<OView class="oracle.dbtools.crest.swingui.logical.TVEntity" oid="CDDFC217-E3BB-6493-E762-8E0C40985651" otype="Entity" vid="72E11774-B59B-6D0C-056F-72A2514E815C">
<hideElementsInCurrentOnly>false</hideElementsInCurrentOnly>
<bounds x="954" y="340" width="137" height="101"/>
</OView>
<OView class="oracle.dbtools.crest.swingui.logical.TVEntity" oid="DF2D8755-4EDD-C5E6-75B3-86B7555CB5E9" otype="Entity" vid="10A8A582-EAE6-A17B-E4CB-1D8332F71771">
<hideElementsInCurrentOnly>false</hideElementsInCurrentOnly>
<bounds x="549" y="330" width="170" height="110"/>
</OView>
<OView class="oracle.dbtools.crest.swingui.logical.TVEntity" oid="ED9E9CBA-F0C6-B990-57C1-AF7D944B3106" otype="Entity" vid="C213C911-43F9-273A-0A14-A46140D80DF0">
<hideElementsInCurrentOnly>false</hideElementsInCurrentOnly>
<bounds x="761" y="329" width="136" height="103"/>
</OView>
</objectViews>
<connectors>
<Connector class="oracle.dbtools.crest.swingui.logical.TVRelation" oid="32AD312C-83AF-8F9F-E466-9D3DB7E06BE7" otype="Relation" vid_source="F2FAF3FC-B98B-0C53-1836-DBB3174BD456" vid_target="095AFAFE-7A1E-436E-E26C-9666FEDB2F64">
<hideElementsInCurrentOnly>false</hideElementsInCurrentOnly>
<backgroundColor>-16777216</backgroundColor>
<lineWidth>1</lineWidth>
<points>
<point x="1229" y="92"/>
<point x="1263" y="92"/>
</points>
</Connector>
<Connector class="oracle.dbtools.crest.swingui.logical.TVRelation" oid="4C2B2C5F-E98E-DC2D-C066-600365328DB0" otype="Relation" vid_source="F8261DA8-B497-A52E-52DE-B1B2C434CF9A" vid_target="B29F6962-FE76-2FB4-A6C7-6430A80E38FE">
<hideElementsInCurrentOnly>false</hideElementsInCurrentOnly>
<backgroundColor>-16777216</backgroundColor>
<lineWidth>1</lineWidth>
<points>
<point x="337" y="124"/>
<point x="257" y="186"/>
</points>
</Connector>
<Connector class="oracle.dbtools.crest.swingui.logical.TVInheritanceRelation" oid="5522CADE-9816-DC4E-FC0E-530AEA90E6DA" otype="Hierarchy relation" vid_source="F2FAF3FC-B98B-0C53-1836-DBB3174BD456" vid_target="10A8A582-EAE6-A17B-E4CB-1D8332F71771">
<hideElementsInCurrentOnly>false</hideElementsInCurrentOnly>
<backgroundColor>-65536</backgroundColor>
<lineWidth>1</lineWidth>
<points>
<point x="634" y="251"/>
<point x="634" y="330"/>
</points>
</Connector>
<Connector class="oracle.dbtools.crest.swingui.logical.TVRelation" oid="6D658415-63B5-F52B-0C30-034D71992C5E" otype="Relation" vid_source="10A8A582-EAE6-A17B-E4CB-1D8332F71771" vid_target="C021E12F-A7FA-3396-EA3B-D1A3E2F980A3">
<hideElementsInCurrentOnly>false</hideElementsInCurrentOnly>
<backgroundColor>-16777216</backgroundColor>
<lineWidth>1</lineWidth>
<points>
<point x="549" y="382"/>
<point x="479" y="382"/>
</points>
</Connector>
<Connector class="oracle.dbtools.crest.swingui.logical.TVRelation" oid="70C7F823-8A51-72A7-50A8-960C16B69905" otype="Relation" vid_source="399F68AF-A65C-0D77-6588-2C2644390544" vid_target="F2FAF3FC-B98B-0C53-1836-DBB3174BD456">
<hideElementsInCurrentOnly>false</hideElementsInCurrentOnly>
<backgroundColor>-16777216</backgroundColor>
<lineWidth>1</lineWidth>
<points>
<point x="734" y="481"/>
<point x="734" y="251"/>
</points>
</Connector>
<Connector class="oracle.dbtools.crest.swingui.logical.TVRelation" oid="7F42E1A1-3FF0-0613-FF5E-63E7D5A24490" otype="Relation" vid_source="72E11774-B59B-6D0C-056F-72A2514E815C" vid_target="DC15C5A7-F220-1176-0F58-1AED61464510">
<hideElementsInCurrentOnly>false</hideElementsInCurrentOnly>
<backgroundColor>-16777216</backgroundColor>
<lineWidth>1</lineWidth>
<points>
<point x="999" y="441"/>
<point x="999" y="490"/>
</points>
</Connector>
<Connector class="oracle.dbtools.crest.swingui.logical.TVInheritanceRelation" oid="8318A973-AEDC-8C01-6F46-9F5CA6D7AD17" otype="Hierarchy relation" vid_source="F2FAF3FC-B98B-0C53-1836-DBB3174BD456" vid_target="72E11774-B59B-6D0C-056F-72A2514E815C">
<hideElementsInCurrentOnly>false</hideElementsInCurrentOnly>
<backgroundColor>-65536</backgroundColor>
<lineWidth>1</lineWidth>
<points>
<point x="1037" y="251"/>
<point x="1037" y="340"/>
</points>
</Connector>
<Connector class="oracle.dbtools.crest.swingui.logical.TVRelation" oid="A1E80D6E-55A7-7DC2-969B-32CB0F2C96CE" otype="Relation" vid_source="DFBD6F9E-683A-55F6-837D-0E509CD43DBE" vid_target="C021E12F-A7FA-3396-EA3B-D1A3E2F980A3">
<hideElementsInCurrentOnly>false</hideElementsInCurrentOnly>
<backgroundColor>-16777216</backgroundColor>
<lineWidth>1</lineWidth>
<points>
<point x="405" y="278"/>
<point x="405" y="325"/>
</points>
</Connector>
<Connector class="oracle.dbtools.crest.swingui.logical.TVRelation" oid="C3975825-C32E-3E13-8773-5BD127DA335F" otype="Relation" vid_source="2578E3BB-1BF5-387F-605A-3300DFE4BCB0" vid_target="F2FAF3FC-B98B-0C53-1836-DBB3174BD456">
<hideElementsInCurrentOnly>false</hideElementsInCurrentOnly>
<backgroundColor>-16777216</backgroundColor>
<lineWidth>1</lineWidth>
<points>
<point x="519" y="488"/>
<point x="519" y="251"/>
</points>
</Connector>
<Connector class="oracle.dbtools.crest.swingui.logical.TVRelation" oid="DCE89D06-FBD5-ED9F-48CA-86194F138F3B" otype="Relation" vid_source="B29F6962-FE76-2FB4-A6C7-6430A80E38FE" vid_target="5621A0B4-28F3-962E-179B-E67855640001">
<hideElementsInCurrentOnly>false</hideElementsInCurrentOnly>
<backgroundColor>-16777216</backgroundColor>
<lineWidth>1</lineWidth>
<points>
<point x="175" y="296"/>
<point x="175" y="395"/>
</points>
</Connector>
<Connector class="oracle.dbtools.crest.swingui.logical.TVInheritanceRelation" oid="F8FD2C8F-60B1-83C0-F99E-4341CE564A09" otype="Hierarchy relation" vid_source="F2FAF3FC-B98B-0C53-1836-DBB3174BD456" vid_target="C213C911-43F9-273A-0A14-A46140D80DF0">
<hideElementsInCurrentOnly>false</hideElementsInCurrentOnly>
<backgroundColor>-65536</backgroundColor>
<lineWidth>1</lineWidth>
<points>
<point x="829" y="251"/>
<point x="829" y="329"/>
</points>
</Connector>
<Connector class="oracle.dbtools.crest.swingui.logical.TVRelation" oid="F8FD50D7-EB4D-6C3B-478E-4759353EDE1A" otype="Relation" vid_source="5621A0B4-28F3-962E-179B-E67855640001" vid_target="DFBD6F9E-683A-55F6-837D-0E509CD43DBE">
<hideElementsInCurrentOnly>false</hideElementsInCurrentOnly>
<backgroundColor>-16777216</backgroundColor>
<lineWidth>1</lineWidth>
<points>
<point x="225" y="395"/>
<point x="355" y="278"/>
</points>
</Connector>
</connectors>
<arcs>
<Arc class="oracle.dbtools.crest.swingui.logical.TVArc" oid="C225391C-E85B-F69C-5BE5-2B7B70F5D4C7" otype="Arc" vid="E5516F0D-3771-77DF-AB89-F79439E2582B">
<hideElementsInCurrentOnly>false</hideElementsInCurrentOnly>
<bounds x="492" y="28" width="757" height="243"/>
</Arc>
</arcs>
</Diagram>