<?xml version = '1.0' encoding = 'UTF-8'?>
<FKArc class="oracle.dbtools.crest.model.design.relational.FKArc" directorySegmentName="seg_0" id="83B3E6E8-D6CF-7C2A-FF17-7276930030F4" name="Arc_1">
<createdBy>Lenovo</createdBy>
<createdTime>2025-10-13 00:41:56 UTC</createdTime>
<ownerDesignName>Exp3_s9_KevinLovera_modeloRelacional</ownerDesignName>
<mandatory>false</mandatory>
<reverseArc>true</reverseArc>
<table>EEA53C21-592A-7C17-368B-F8E346076D02</table>
<fkeys>
<fkeyID>95031E2A-7456-04E7-9983-9C76EE57B827</fkeyID>
<fkeyID>F2C05139-8899-3BB0-699B-B2733ED0FEC5</fkeyID>
<fkeyID>7C0C8AE2-08DA-0B5F-2FDB-B9C4E567805F</fkeyID>
</fkeys>
</FKArc>