<?xml version = '1.0' encoding = 'UTF-8'?>
<Arc class="oracle.dbtools.crest.model.design.logical.Arc" directorySegmentName="seg_0" id="724BCEB3-36D8-96B3-B54A-005EE32696B4" name="Arc_2">
<createdBy>Lenovo</createdBy>
<createdTime>2025-08-31 03:02:26 UTC</createdTime>
<ownerDesignName>Exp3_s3_Kevin_Lovera</ownerDesignName>
<engineerTo>
<item key="D6C8EA52-8571-FFFA-FE8A-E383058762CE" value="true"/>
</engineerTo>
<entity>1A2B676C-23A4-BBC1-0B02-4F58CAFC74B4</entity>
<relations>
<relationID>5E589089-7C8F-A489-7EA2-CED4D11B5E56</relationID>
<relationID>9C7B6DFD-EA5E-AE91-89EA-B1259B53E40D</relationID>
</relations>
</Arc>