<?xml version = '1.0' encoding = 'UTF-8'?>
<Arc class="oracle.dbtools.crest.model.design.logical.Arc" directorySegmentName="seg_0" id="C9A8D8D5-5FE9-160A-0991-18472207EA78" name="Arc_1">
<createdBy>Lenovo</createdBy>
<createdTime>2025-08-31 02:58:09 UTC</createdTime>
<ownerDesignName>Exp3_s3_Kevin_Lovera</ownerDesignName>
<engineerTo>
<item key="D6C8EA52-8571-FFFA-FE8A-E383058762CE" value="true"/>
</engineerTo>
<entity>FC983847-4FF2-F962-F662-A4E53683BEBF</entity>
<relations>
<relationID>E7DA11EF-8191-CBB8-4C40-51608DA1DA0F</relationID>
<relationID>08EDCA79-7DC4-EFA6-5147-DA0FF0928517</relationID>
</relations>
</Arc>