<?xml version = '1.0' encoding = 'UTF-8'?>
<Arc class="oracle.dbtools.crest.model.design.logical.Arc" directorySegmentName="seg_0" id="C225391C-E85B-F69C-5BE5-2B7B70F5D4C7" name="Arc_1">
<createdBy>Lenovo</createdBy>
<createdTime>2025-10-13 00:27:00 UTC</createdTime>
<ownerDesignName>Exp3_s9_KevinLovera_modeloRelacional</ownerDesignName>
<engineerTo>
<item key="57C60768-A0F9-EAE7-1A18-E77F7800975D" value="true"/>
</engineerTo>
<entity>A27DD705-C316-C6D8-4E79-20476450AA1A</entity>
<relations>
<relationID>F8FD2C8F-60B1-83C0-F99E-4341CE564A09</relationID>
<relationID>8318A973-AEDC-8C01-6F46-9F5CA6D7AD17</relationID>
<relationID>5522CADE-9816-DC4E-FC0E-530AEA90E6DA</relationID>
</relations>
</Arc>