<?xml version = '1.0' encoding = 'UTF-8'?>
<Relation class="oracle.dbtools.crest.model.design.logical.InheritanceRelation" name="Hierarchy_1" directorySegmentName="seg_0" id="8318A973-AEDC-8C01-6F46-9F5CA6D7AD17">
<createdBy>Lenovo</createdBy>
<createdTime>2025-10-13 00:23:30 UTC</createdTime>
<ownerDesignName>Exp3_s9_KevinLovera_modeloRelacional</ownerDesignName>
<engineerTo>
<item key="57C60768-A0F9-EAE7-1A18-E77F7800975D" value="true"/>
</engineerTo>
<arc>C225391C-E85B-F69C-5BE5-2B7B70F5D4C7</arc>
<identifying>false</identifying>
<nameOnSource>Super Type</nameOnSource>
<nameOnTarget>Sub Type</nameOnTarget>
<optionalSource>true</optionalSource>
<optionalTarget>true</optionalTarget>
<sourceEntity>A27DD705-C316-C6D8-4E79-20476450AA1A</sourceEntity>
<targetEntity>CDDFC217-E3BB-6493-E762-8E0C40985651</targetEntity>
<transferable>true</transferable>
<deleteRule>NO ACTION</deleteRule>
</Relation>