<?xml version = '1.0' encoding = 'UTF-8'?>
<Relation class="oracle.dbtools.crest.model.design.logical.InheritanceRelation" name="Hierarchy_2" directorySegmentName="seg_0" id="F8FD2C8F-60B1-83C0-F99E-4341CE564A09">
<createdBy>Lenovo</createdBy>
<createdTime>2025-10-13 00:24:03 UTC</createdTime>
<ownerDesignName>Exp3_s9_KevinLovera_modeloRelacional</ownerDesignName>
<engineerTo>
<item key="57C60768-A0F9-EAE7-1A18-E77F7800975D" value="true"/>
</engineerTo>
<arc>C225391C-E85B-F69C-5BE5-2B7B70F5D4C7</arc>
<identifying>false</identifying>
<nameOnSource>Super Type</nameOnSource>
<nameOnTarget>Sub Type</nameOnTarget>
<optionalSource>true</optionalSource>
<optionalTarget>true</optionalTarget>
<sourceEntity>A27DD705-C316-C6D8-4E79-20476450AA1A</sourceEntity>
<targetEntity>ED9E9CBA-F0C6-B990-57C1-AF7D944B3106</targetEntity>
<transferable>true</transferable>
<deleteRule>NO ACTION</deleteRule>
</Relation>