<?xml version = '1.0' encoding = 'UTF-8'?>
<Diagram class="oracle.dbtools.crest.swingui.logical.DPVLogical" name="Logical" id="4D50F5E0-F5E7-29BC-71E5-C5CACE7C9EEE">
<createdBy>Lenovo</createdBy>
<modifiedBy>Lenovo</modifiedBy>
<createdTime>2025-08-30 14:00:25 UTC</createdTime>
<autoRoute>false</autoRoute>
<boxInbox>false</boxInbox>
<showLegend>false</showLegend>
<showLabels>true</showLabels>
<showRelAttributes>true</showRelAttributes>
<gridEnabled>false</gridEnabled>
<showGrid>true</showGrid>
<diagramColor>-1</diagramColor>
<display>false</display>
<notation>1</notation>
<objectViews>
<OView class="oracle.dbtools.crest.swingui.logical.TVEntity" oid="149E3DCE-8342-6EA4-9820-7539B9A2D789" otype="Entity" vid="C2273C64-4E96-E532-36E4-C89E88C915B4">
<hideElementsInCurrentOnly>false</hideElementsInCurrentOnly>
<bounds x="642" y="297" width="192" height="110"/>
</OView>
<OView class="oracle.dbtools.crest.swingui.logical.TVEntity" oid="1A2B676C-23A4-BBC1-0B02-4F58CAFC74B4" otype="Entity" vid="59782A43-CB5A-7851-C8DC-C8781EF58246">
<hideElementsInCurrentOnly>false</hideElementsInCurrentOnly>
<bounds x="862" y="206" width="401" height="178"/>
</OView>
<OView class="oracle.dbtools.crest.swingui.logical.TVEntity" oid="1F2B1737-DEC1-3F3C-920D-836B1258150D" otype="Entity" vid="1B757417-92D2-6802-929C-EB64EE6A2067">
<hideElementsInCurrentOnly>false</hideElementsInCurrentOnly>
<bounds x="227" y="127" width="229" height="110"/>
</OView>
<OView class="oracle.dbtools.crest.swingui.logical.TVEntity" oid="211D5728-54FF-3750-B9D8-6D6E19CA8886" otype="Entity" vid="93C7E924-D5B2-415A-7A69-80DA7B0B7CDC">
<hideElementsInCurrentOnly>false</hideElementsInCurrentOnly>
<bounds x="2" y="196" width="170" height="110"/>
</OView>
<OView class="oracle.dbtools.crest.swingui.logical.TVEntity" oid="27D73C76-02BB-DD0F-8D9B-0F31FC30B9A5" otype="Entity" vid="715FAE79-312D-F0A1-16DA-A522379A861D">
<hideElementsInCurrentOnly>false</hideElementsInCurrentOnly>
<bounds x="884" y="3" width="170" height="110"/>
</OView>
<OView class="oracle.dbtools.crest.swingui.logical.TVEntity" oid="3D83E775-58EF-DBE3-A17C-85D8BE24D8EE" otype="Entity" vid="7B930D8E-1A8B-0D6E-8EF8-6C67B3A614D8">
<hideElementsInCurrentOnly>false</hideElementsInCurrentOnly>
<bounds x="1174" y="9" width="177" height="110"/>
</OView>
<OView class="oracle.dbtools.crest.swingui.logical.TVEntity" oid="716861B6-C277-9A3F-8D1A-5D2F523A0F9A" otype="Entity" vid="617B64A0-D3CF-67B6-FE07-C37ED6AA4DC9">
<hideElementsInCurrentOnly>false</hideElementsInCurrentOnly>
<bounds x="16" y="524" width="170" height="110"/>
</OView>
<OView class="oracle.dbtools.crest.swingui.logical.TVEntity" oid="750ACCCE-3B3C-E252-D9B1-5852C1D40B0E" otype="Entity" vid="5C1DF020-608A-C783-7812-834AF7C5E255">
<hideElementsInCurrentOnly>false</hideElementsInCurrentOnly>
<bounds x="4" y="1" width="200" height="110"/>
</OView>
<OView class="oracle.dbtools.crest.swingui.logical.TVEntity" oid="779A2A20-7407-761E-9251-49D35CEF0B79" otype="Entity" vid="39254AC3-86DE-65E4-05FC-7E142BEC0C86">
<hideElementsInCurrentOnly>false</hideElementsInCurrentOnly>
<bounds x="211" y="528" width="184" height="110"/>
</OView>
<OView class="oracle.dbtools.crest.swingui.logical.TVEntity" oid="8DCFFF6C-885A-9C76-0B54-854C5CE08212" otype="Entity" vid="B21DAC3F-9F20-12FF-4F16-A885FDBC1540">
<hideElementsInCurrentOnly>false</hideElementsInCurrentOnly>
<bounds x="760" y="429" width="170" height="110"/>
</OView>
<OView class="oracle.dbtools.crest.swingui.logical.TVEntity" oid="9D5AA09F-4822-B58B-A493-5D7365C78F9A" otype="Entity" vid="255C2A7B-210F-9DAB-A0FE-648CAEE811A9">
<hideElementsInCurrentOnly>false</hideElementsInCurrentOnly>
<bounds x="511" y="62" width="170" height="153"/>
</OView>
<OView class="oracle.dbtools.crest.swingui.logical.TVEntity" oid="DA31EE28-63AD-B3F8-1289-2524A59E2BA9" otype="Entity" vid="A3B1EE0C-948D-A597-8C4D-6F61041D58EC">
<hideElementsInCurrentOnly>false</hideElementsInCurrentOnly>
<bounds x="360" y="345" width="194" height="81"/>
</OView>
<OView class="oracle.dbtools.crest.swingui.logical.TVEntity" oid="E4BA52AE-0B45-B1C8-481B-1A52C16B545C" otype="Entity" vid="53522D3C-55CD-3BB0-3F11-AFFA4E63AC85">
<hideElementsInCurrentOnly>false</hideElementsInCurrentOnly>
<bounds x="1132" y="427" width="199" height="102"/>
</OView>
<OView class="oracle.dbtools.crest.swingui.logical.TVEntity" oid="E764007C-8FE7-93CC-5203-2B6ED4D792B1" otype="Entity" vid="D66D4CB6-7DBE-CAAF-2011-E4286315683B">
<hideElementsInCurrentOnly>false</hideElementsInCurrentOnly>
<bounds x="479" y="502" width="203" height="128"/>
</OView>
<OView class="oracle.dbtools.crest.swingui.logical.TVEntity" oid="FC983847-4FF2-F962-F662-A4E53683BEBF" otype="Entity" vid="79436316-BC57-600E-371E-0A5F92060516">
<hideElementsInCurrentOnly>false</hideElementsInCurrentOnly>
<bounds x="75" y="355" width="202" height="110"/>
</OView>
</objectViews>
<connectors>
<Connector class="oracle.dbtools.crest.swingui.logical.TVInheritanceRelation" oid="08EDCA79-7DC4-EFA6-5147-DA0FF0928517" otype="Hierarchy relation" vid_source="79436316-BC57-600E-371E-0A5F92060516" vid_target="39254AC3-86DE-65E4-05FC-7E142BEC0C86">
<hideElementsInCurrentOnly>false</hideElementsInCurrentOnly>
<backgroundColor>-65536</backgroundColor>
<lineWidth>1</lineWidth>
<points>
<point x="244" y="465"/>
<point x="244" y="528"/>
</points>
</Connector>
<Connector class="oracle.dbtools.crest.swingui.logical.TVRelation" oid="0EB5DE1F-1D12-400C-7B9A-D8BC1FC6CAE5" otype="Relation" vid_source="715FAE79-312D-F0A1-16DA-A522379A861D" vid_target="255C2A7B-210F-9DAB-A0FE-648CAEE811A9">
<hideElementsInCurrentOnly>false</hideElementsInCurrentOnly>
<backgroundColor>-16777216</backgroundColor>
<lineWidth>1</lineWidth>
<sourceLabel class="oracle.dbtools.crest.model.design.Label">
<site>0</site>
<labelBounds x="839" y="57" width="39" height="30"/>
<noBackgroundColor>true</noBackgroundColor>
<noForegroundColor>true</noForegroundColor>
</sourceLabel>
<targetLabel class="oracle.dbtools.crest.model.design.Label">
<site>2</site>
<labelBounds x="691" y="90" width="59" height="30"/>
<noBackgroundColor>true</noBackgroundColor>
<noForegroundColor>true</noForegroundColor>
</targetLabel>
<points>
<point x="884" y="87"/>
<point x="681" y="87"/>
</points>
</Connector>
<Connector class="oracle.dbtools.crest.swingui.logical.TVRelation" oid="251EB711-B582-436F-071B-807CB21CDCDE" otype="Relation" vid_source="715FAE79-312D-F0A1-16DA-A522379A861D" vid_target="5C1DF020-608A-C783-7812-834AF7C5E255">
<hideElementsInCurrentOnly>false</hideElementsInCurrentOnly>
<backgroundColor>-16777216</backgroundColor>
<lineWidth>1</lineWidth>
<sourceLabel class="oracle.dbtools.crest.model.design.Label">
<site>0</site>
<labelBounds x="839" y="27" width="39" height="30"/>
<noBackgroundColor>true</noBackgroundColor>
<noForegroundColor>true</noForegroundColor>
</sourceLabel>
<targetLabel class="oracle.dbtools.crest.model.design.Label">
<site>2</site>
<labelBounds x="214" y="60" width="63" height="30"/>
<noBackgroundColor>true</noBackgroundColor>
<noForegroundColor>true</noForegroundColor>
</targetLabel>
<points>
<point x="884" y="57"/>
<point x="204" y="57"/>
</points>
</Connector>
<Connector class="oracle.dbtools.crest.swingui.logical.TVRelation" oid="266D34B1-F342-3A38-02C1-5EDF6BD23311" otype="Relation" vid_source="255C2A7B-210F-9DAB-A0FE-648CAEE811A9" vid_target="D66D4CB6-7DBE-CAAF-2011-E4286315683B">
<hideElementsInCurrentOnly>false</hideElementsInCurrentOnly>
<backgroundColor>-16777216</backgroundColor>
<lineWidth>1</lineWidth>
<sourceLabel class="oracle.dbtools.crest.model.design.Label">
<site>0</site>
<labelBounds x="596" y="275" width="39" height="30"/>
<noBackgroundColor>true</noBackgroundColor>
<noForegroundColor>true</noForegroundColor>
</sourceLabel>
<targetLabel class="oracle.dbtools.crest.model.design.Label">
<site>2</site>
<labelBounds x="596" y="466" width="58" height="30"/>
<noBackgroundColor>true</noBackgroundColor>
<noForegroundColor>true</noForegroundColor>
</targetLabel>
<points>
<point x="596" y="215"/>
<point x="596" y="502"/>
</points>
</Connector>
<Connector class="oracle.dbtools.crest.swingui.logical.TVRelation" oid="324699F8-8BE9-3A81-E30A-D043932C77E5" otype="Relation" vid_source="C2273C64-4E96-E532-36E4-C89E88C915B4" vid_target="255C2A7B-210F-9DAB-A0FE-648CAEE811A9">
<hideElementsInCurrentOnly>false</hideElementsInCurrentOnly>
<backgroundColor>-16777216</backgroundColor>
<lineWidth>1</lineWidth>
<sourceLabel class="oracle.dbtools.crest.model.design.Label">
<site>0</site>
<labelBounds x="661" y="261" width="53" height="30"/>
<noBackgroundColor>true</noBackgroundColor>
<noForegroundColor>true</noForegroundColor>
</sourceLabel>
<targetLabel class="oracle.dbtools.crest.model.design.Label">
<site>2</site>
<labelBounds x="661" y="259" width="50" height="30"/>
<noBackgroundColor>true</noBackgroundColor>
<noForegroundColor>true</noForegroundColor>
</targetLabel>
<points>
<point x="661" y="297"/>
<point x="661" y="215"/>
</points>
</Connector>
<Connector class="oracle.dbtools.crest.swingui.logical.TVInheritanceRelation" oid="42763D9A-9A97-8F00-364C-4A3618ED5FE1" otype="Hierarchy relation" vid_source="5C1DF020-608A-C783-7812-834AF7C5E255" vid_target="1B757417-92D2-6802-929C-EB64EE6A2067">
<hideElementsInCurrentOnly>false</hideElementsInCurrentOnly>
<backgroundColor>-65536</backgroundColor>
<lineWidth>1</lineWidth>
<points>
<point x="204" y="109"/>
<point x="237" y="127"/>
</points>
</Connector>
<Connector class="oracle.dbtools.crest.swingui.logical.TVRelation" oid="4D990046-3719-6CCA-022E-0D89717815C5" otype="Relation" vid_source="5C1DF020-608A-C783-7812-834AF7C5E255" vid_target="79436316-BC57-600E-371E-0A5F92060516">
<hideElementsInCurrentOnly>false</hideElementsInCurrentOnly>
<backgroundColor>-16777216</backgroundColor>
<lineWidth>1</lineWidth>
<sourceLabel class="oracle.dbtools.crest.model.design.Label">
<site>0</site>
<labelBounds x="139" y="155" width="39" height="30"/>
<noBackgroundColor>true</noBackgroundColor>
<noForegroundColor>true</noForegroundColor>
</sourceLabel>
<targetLabel class="oracle.dbtools.crest.model.design.Label">
<site>2</site>
<labelBounds x="139" y="319" width="51" height="30"/>
<noBackgroundColor>true</noBackgroundColor>
<noForegroundColor>true</noForegroundColor>
</targetLabel>
<points>
<point x="139" y="111"/>
<point x="139" y="355"/>
</points>
</Connector>
<Connector class="oracle.dbtools.crest.swingui.logical.TVInheritanceRelation" oid="5E589089-7C8F-A489-7EA2-CED4D11B5E56" otype="Hierarchy relation" vid_source="59782A43-CB5A-7851-C8DC-C8781EF58246" vid_target="53522D3C-55CD-3BB0-3F11-AFFA4E63AC85">
<hideElementsInCurrentOnly>false</hideElementsInCurrentOnly>
<backgroundColor>-65536</backgroundColor>
<lineWidth>1</lineWidth>
<points>
<point x="1197" y="384"/>
<point x="1197" y="427"/>
</points>
</Connector>
<Connector class="oracle.dbtools.crest.swingui.logical.TVRelation" oid="6A65D6A7-6823-500F-AEDB-A5751685783F" otype="Relation" vid_source="255C2A7B-210F-9DAB-A0FE-648CAEE811A9" vid_target="A3B1EE0C-948D-A597-8C4D-6F61041D58EC">
<hideElementsInCurrentOnly>false</hideElementsInCurrentOnly>
<backgroundColor>-16777216</backgroundColor>
<lineWidth>1</lineWidth>
<points>
<point x="532" y="215"/>
<point x="524" y="345"/>
</points>
</Connector>
<Connector class="oracle.dbtools.crest.swingui.logical.TVRelation" oid="8FAEDBA1-427E-7A7A-F54A-B8792CBB89DA" otype="Relation" vid_source="79436316-BC57-600E-371E-0A5F92060516" vid_target="255C2A7B-210F-9DAB-A0FE-648CAEE811A9">
<hideElementsInCurrentOnly>false</hideElementsInCurrentOnly>
<backgroundColor>-16777216</backgroundColor>
<lineWidth>1</lineWidth>
<points>
<point x="261" y="355"/>
<point x="511" y="193"/>
</points>
</Connector>
<Connector class="oracle.dbtools.crest.swingui.logical.TVInheritanceRelation" oid="9C7B6DFD-EA5E-AE91-89EA-B1259B53E40D" otype="Hierarchy relation" vid_source="59782A43-CB5A-7851-C8DC-C8781EF58246" vid_target="B21DAC3F-9F20-12FF-4F16-A885FDBC1540">
<hideElementsInCurrentOnly>false</hideElementsInCurrentOnly>
<backgroundColor>-65536</backgroundColor>
<lineWidth>1</lineWidth>
<points>
<point x="896" y="384"/>
<point x="896" y="429"/>
</points>
</Connector>
<Connector class="oracle.dbtools.crest.swingui.logical.TVRelation" oid="B16059F8-D2B6-4F1B-FDF7-A9F1D4E90062" otype="Relation" vid_source="715FAE79-312D-F0A1-16DA-A522379A861D" vid_target="59782A43-CB5A-7851-C8DC-C8781EF58246">
<hideElementsInCurrentOnly>false</hideElementsInCurrentOnly>
<backgroundColor>-16777216</backgroundColor>
<lineWidth>1</lineWidth>
<sourceLabel class="oracle.dbtools.crest.model.design.Label">
<site>0</site>
<labelBounds x="969" y="149" width="52" height="30"/>
<noBackgroundColor>true</noBackgroundColor>
<noForegroundColor>true</noForegroundColor>
</sourceLabel>
<targetLabel class="oracle.dbtools.crest.model.design.Label">
<site>2</site>
<labelBounds x="968" y="170" width="58" height="30"/>
<noBackgroundColor>true</noBackgroundColor>
<noForegroundColor>true</noForegroundColor>
</targetLabel>
<points>
<point x="969" y="113"/>
<point x="968" y="206"/>
</points>
</Connector>
<Connector class="oracle.dbtools.crest.swingui.logical.TVRelation" oid="BF3D067B-23E1-B250-CC8C-5D0CEFFDBD44" otype="Relation" vid_source="7B930D8E-1A8B-0D6E-8EF8-6C67B3A614D8" vid_target="715FAE79-312D-F0A1-16DA-A522379A861D">
<hideElementsInCurrentOnly>false</hideElementsInCurrentOnly>
<backgroundColor>-16777216</backgroundColor>
<lineWidth>1</lineWidth>
<sourceLabel class="oracle.dbtools.crest.model.design.Label">
<site>0</site>
<labelBounds x="1129" y="31" width="39" height="30"/>
<noBackgroundColor>true</noBackgroundColor>
<noForegroundColor>true</noForegroundColor>
</sourceLabel>
<targetLabel class="oracle.dbtools.crest.model.design.Label">
<site>2</site>
<labelBounds x="1064" y="64" width="63" height="30"/>
<noBackgroundColor>true</noBackgroundColor>
<noForegroundColor>true</noForegroundColor>
</targetLabel>
<points>
<point x="1174" y="61"/>
<point x="1054" y="61"/>
</points>
</Connector>
<Connector class="oracle.dbtools.crest.swingui.logical.TVRelation" oid="CED66F5E-6F2E-1647-C9F6-5873DCB033FA" otype="Relation" vid_source="79436316-BC57-600E-371E-0A5F92060516" vid_target="A3B1EE0C-948D-A597-8C4D-6F61041D58EC">
<hideElementsInCurrentOnly>false</hideElementsInCurrentOnly>
<backgroundColor>-16777216</backgroundColor>
<lineWidth>1</lineWidth>
<sourceLabel class="oracle.dbtools.crest.model.design.Label">
<site>0</site>
<labelBounds x="287" y="360" width="39" height="30"/>
<noBackgroundColor>true</noBackgroundColor>
<noForegroundColor>true</noForegroundColor>
</sourceLabel>
<targetLabel class="oracle.dbtools.crest.model.design.Label">
<site>2</site>
<labelBounds x="315" y="393" width="39" height="30"/>
<noBackgroundColor>true</noBackgroundColor>
<noForegroundColor>true</noForegroundColor>
</targetLabel>
<points>
<point x="277" y="390"/>
<point x="360" y="390"/>
</points>
</Connector>
<Connector class="oracle.dbtools.crest.swingui.logical.TVRelation" oid="E39ABAF0-8DF9-36E0-D879-6BA3997543A2" otype="Relation" vid_source="B21DAC3F-9F20-12FF-4F16-A885FDBC1540" vid_target="B21DAC3F-9F20-12FF-4F16-A885FDBC1540">
<hideElementsInCurrentOnly>false</hideElementsInCurrentOnly>
<backgroundColor>-16777216</backgroundColor>
<lineWidth>1</lineWidth>
<sourceLabel class="oracle.dbtools.crest.model.design.Label">
<site>0</site>
<labelBounds x="956" y="505" width="58" height="30"/>
<noBackgroundColor>true</noBackgroundColor>
<noForegroundColor>true</noForegroundColor>
</sourceLabel>
<targetLabel class="oracle.dbtools.crest.model.design.Label">
<site>2</site>
<labelBounds x="861" y="578" width="70" height="30"/>
<noBackgroundColor>true</noBackgroundColor>
<noForegroundColor>true</noForegroundColor>
</targetLabel>
<points>
<point x="930" y="520"/>
<point x="956" y="520"/>
<point x="956" y="591"/>
<point x="861" y="591"/>
<point x="861" y="539"/>
</points>
</Connector>
<Connector class="oracle.dbtools.crest.swingui.logical.TVInheritanceRelation" oid="E7DA11EF-8191-CBB8-4C40-51608DA1DA0F" otype="Hierarchy relation" vid_source="79436316-BC57-600E-371E-0A5F92060516" vid_target="617B64A0-D3CF-67B6-FE07-C37ED6AA4DC9">
<hideElementsInCurrentOnly>false</hideElementsInCurrentOnly>
<backgroundColor>-65536</backgroundColor>
<lineWidth>1</lineWidth>
<points>
<point x="130" y="465"/>
<point x="130" y="524"/>
</points>
</Connector>
<Connector class="oracle.dbtools.crest.swingui.logical.TVInheritanceRelation" oid="FE9C72E3-85DC-6D5F-A72E-FD03EB7DEEF2" otype="Hierarchy relation" vid_source="5C1DF020-608A-C783-7812-834AF7C5E255" vid_target="93C7E924-D5B2-415A-7A69-80DA7B0B7CDC">
<hideElementsInCurrentOnly>false</hideElementsInCurrentOnly>
<backgroundColor>-65536</backgroundColor>
<lineWidth>1</lineWidth>
<points>
<point x="88" y="111"/>
<point x="88" y="196"/>
</points>
</Connector>
</connectors>
<arcs>
<Arc class="oracle.dbtools.crest.swingui.logical.TVArc" oid="724BCEB3-36D8-96B3-B54A-005EE32696B4" otype="Arc" vid="E3CA806A-D2FB-54AB-2918-31F058541144">
<hideElementsInCurrentOnly>false</hideElementsInCurrentOnly>
<bounds x="842" y="186" width="441" height="218"/>
</Arc>
<Arc class="oracle.dbtools.crest.swingui.logical.TVArc" oid="C9A8D8D5-5FE9-160A-0991-18472207EA78" otype="Arc" vid="31631EF0-AE4F-9936-CA50-F5101A402750">
<hideElementsInCurrentOnly>false</hideElementsInCurrentOnly>
<bounds x="55" y="335" width="242" height="150"/>
</Arc>
</arcs>
</Diagram>