<?xml version = '1.0' encoding = 'UTF-8'?>
<Relation class="oracle.dbtools.crest.model.design.logical.InheritanceRelation" name="Hierarchy_6" directorySegmentName="seg_0" id="08EDCA79-7DC4-EFA6-5147-DA0FF0928517">
<createdBy>Lenovo</createdBy>
<createdTime>2025-08-31 00:11:03 UTC</createdTime>
<ownerDesignName>Exp3_s3_Kevin_Lovera</ownerDesignName>
<engineerTo>
<item key="D6C8EA52-8571-FFFA-FE8A-E383058762CE" value="true"/>
</engineerTo>
<arc>C9A8D8D5-5FE9-160A-0991-18472207EA78</arc>
<identifying>false</identifying>
<nameOnSource>Super Type</nameOnSource>
<nameOnTarget>Sub Type</nameOnTarget>
<optionalSource>true</optionalSource>
<optionalTarget>true</optionalTarget>
<sourceEntity>FC983847-4FF2-F962-F662-A4E53683BEBF</sourceEntity>
<targetEntity>779A2A20-7407-761E-9251-49D35CEF0B79</targetEntity>
<transferable>true</transferable>
<deleteRule>NO ACTION</deleteRule>
</Relation>