<?xml version = '1.0' encoding = 'UTF-8'?>
<Relation class="oracle.dbtools.crest.model.design.logical.InheritanceRelation" name="Hierarchy_4" directorySegmentName="seg_0" id="42763D9A-9A97-8F00-364C-4A3618ED5FE1">
<createdBy>Lenovo</createdBy>
<createdTime>2025-08-31 00:01:39 UTC</createdTime>
<ownerDesignName>Exp3_s3_Kevin_Lovera</ownerDesignName>
<engineerTo>
<item key="D6C8EA52-8571-FFFA-FE8A-E383058762CE" value="true"/>
</engineerTo>
<identifying>false</identifying>
<nameOnSource>Super Type</nameOnSource>
<nameOnTarget>Sub Type</nameOnTarget>
<optionalSource>true</optionalSource>
<optionalTarget>true</optionalTarget>
<sourceEntity>750ACCCE-3B3C-E252-D9B1-5852C1D40B0E</sourceEntity>
<targetEntity>1F2B1737-DEC1-3F3C-920D-836B1258150D</targetEntity>
<transferable>true</transferable>
<deleteRule>NO ACTION</deleteRule>
</Relation>