<?xml version = '1.0' encoding = 'UTF-8'?>
<Relation class="oracle.dbtools.crest.model.design.logical.InheritanceRelation" name="Hierarchy_2" directorySegmentName="seg_0" id="9C7B6DFD-EA5E-AE91-89EA-B1259B53E40D">
<createdBy>Lenovo</createdBy>
<createdTime>2025-08-30 22:30:49 UTC</createdTime>
<ownerDesignName>Exp3_s3_Kevin_Lovera</ownerDesignName>
<engineerTo>
<item key="D6C8EA52-8571-FFFA-FE8A-E383058762CE" value="true"/>
</engineerTo>
<arc>724BCEB3-36D8-96B3-B54A-005EE32696B4</arc>
<identifying>false</identifying>
<nameOnSource>Super Type</nameOnSource>
<nameOnTarget>Sub Type</nameOnTarget>
<optionalSource>true</optionalSource>
<optionalTarget>true</optionalTarget>
<sourceEntity>1A2B676C-23A4-BBC1-0B02-4F58CAFC74B4</sourceEntity>
<targetEntity>8DCFFF6C-885A-9C76-0B54-854C5CE08212</targetEntity>
<transferable>true</transferable>
<deleteRule>NO ACTION</deleteRule>
</Relation>