<?xml version = '1.0' encoding = 'UTF-8'?>
<Relation class="oracle.dbtools.crest.model.design.logical.InheritanceRelation" name="Hierarchy_5" directorySegmentName="seg_0" id="E7DA11EF-8191-CBB8-4C40-51608DA1DA0F">
<createdBy>Lenovo</createdBy>
<createdTime>2025-08-31 00:10:43 UTC</createdTime>
<ownerDesignName>Exp3_s3_Kevin_Lovera</ownerDesignName>
<engineerTo>
<item key="D6C8EA52-8571-FFFA-FE8A-E383058762CE" value="true"/>
</engineerTo>
<arc>C9A8D8D5-5FE9-160A-0991-18472207EA78</arc>
<identifying>false</identifying>
<nameOnSource>Super Type</nameOnSource>
<nameOnTarget>Sub Type</nameOnTarget>
<optionalSource>true</optionalSource>
<optionalTarget>true</optionalTarget>
<sourceEntity>FC983847-4FF2-F962-F662-A4E53683BEBF</sourceEntity>
<targetEntity>716861B6-C277-9A3F-8D1A-5D2F523A0F9A</targetEntity>
<transferable>true</transferable>
<deleteRule>NO ACTION</deleteRule>
</Relation>