<?xml version = '1.0' encoding = 'UTF-8'?>
<Relation class="oracle.dbtools.crest.model.design.logical.InheritanceRelation" name="Hierarchy_3" directorySegmentName="seg_0" id="FE9C72E3-85DC-6D5F-A72E-FD03EB7DEEF2">
<createdBy>Lenovo</createdBy>
<createdTime>2025-08-31 00:01:29 UTC</createdTime>
<ownerDesignName>Exp3_s3_Kevin_Lovera</ownerDesignName>
<engineerTo>
<item key="D6C8EA52-8571-FFFA-FE8A-E383058762CE" value="true"/>
</engineerTo>
<identifying>false</identifying>
<nameOnSource>Super Type</nameOnSource>
<nameOnTarget>Sub Type</nameOnTarget>
<optionalSource>true</optionalSource>
<optionalTarget>true</optionalTarget>
<sourceEntity>750ACCCE-3B3C-E252-D9B1-5852C1D40B0E</sourceEntity>
<targetEntity>211D5728-54FF-3750-B9D8-6D6E19CA8886</targetEntity>
<transferable>true</transferable>
<deleteRule>NO ACTION</deleteRule>
</Relation>