<?xml version = '1.0' encoding = 'UTF-8'?>
<relationalModel class="oracle.dbtools.crest.model.design.relational.RelationalDesign" name="Relational_1" id="D6C8EA52-8571-FFFA-FE8A-E383058762CE" mainViewID="35FE5AC8-9620-67D9-FD67-2E84ED9C546B">
<createdBy>Lenovo</createdBy>
<createdTime>2025-08-30 13:57:32 UTC</createdTime>
<ownerDesignName>Exp3_s3_Kevin_Lovera</ownerDesignName>
<shouldBeOpen>false</shouldBeOpen>
<selectedRDBMSSite>32076570-2523-435C-2E92-BF29817DFF70</selectedRDBMSSite>
</relationalModel>