<?xml version = '1.0' encoding = 'UTF-8'?>
<FKIndexAssociation class="oracle.dbtools.crest.model.design.relational.FKIndexAssociation" directorySegmentName="seg_0" id="201125EB-215A-0AD0-2650-F76682064237" containerWithKeyObject="B74EC20B-614D-4915-04BE-70D1BF474677" localFKIndex="EB6C9A97-4A25-612F-29D2-A98D4AEE67DE" name="TURNO_JEFE_TURNO_FK">
<createdBy>Lenovo</createdBy>
<createdTime>2025-10-13 00:41:56 UTC</createdTime>
<generatorID>7F42E1A1-3FF0-0613-FF5E-63E7D5A24490</generatorID>
<ownerDesignName>Exp3_s9_KevinLovera_modeloRelacional</ownerDesignName>
<referredTableLongName>JEFE_TURNO</referredTableLongName>
<deleteRule>NO ACTION</deleteRule>
<referredTableID>4A6DBCDE-8E6C-78E8-2424-8ECDCAB37372</referredTableID>
<keyObject>FB1E911B-6618-FC69-E192-2F31CEBA581D</keyObject>
<referredKeyID>FB1E911B-6618-FC69-E192-2F31CEBA581D</referredKeyID>
<mandatory>true</mandatory>
<refColNames>id_empleado</refColNames>
<transferable>true</transferable>
<rely>false</rely>
<columnDependencyConstraintGenerateInDDL>true</columnDependencyConstraintGenerateInDDL>
</FKIndexAssociation>