<?xml version = '1.0' encoding = 'UTF-8'?>
<FKIndexAssociation class="oracle.dbtools.crest.model.design.relational.FKIndexAssociation" directorySegmentName="seg_0" id="4024273C-4302-B6D2-69EE-3D3BDFF06726" containerWithKeyObject="CDA33ABB-5C84-B0C3-983F-DF4FBC033E3D" localFKIndex="1A33A3DA-4251-52B6-B28B-FB08CA4167BC" name="ASIGNACION_TURNO_EMPLEADO_FK">
<createdBy>Lenovo</createdBy>
<createdTime>2025-10-13 00:41:56 UTC</createdTime>
<generatorID>32AD312C-83AF-8F9F-E466-9D3DB7E06BE7</generatorID>
<ownerDesignName>Exp3_s9_KevinLovera_modeloRelacional</ownerDesignName>
<referredTableLongName>EMPLEADO</referredTableLongName>
<deleteRule>NO ACTION</deleteRule>
<referredTableID>EEA53C21-592A-7C17-368B-F8E346076D02</referredTableID>
<keyObject>F673D0CC-E7EB-85E1-7AC1-7F677113CE94</keyObject>
<referredKeyID>F673D0CC-E7EB-85E1-7AC1-7F677113CE94</referredKeyID>
<mandatory>true</mandatory>
<refColNames>id_empleado</refColNames>
<transferable>true</transferable>
<rely>false</rely>
<columnDependencyConstraintGenerateInDDL>true</columnDependencyConstraintGenerateInDDL>
</FKIndexAssociation>