<?xml version = '1.0' encoding = 'UTF-8'?>
<FKIndexAssociation class="oracle.dbtools.crest.model.design.relational.FKIndexAssociation" directorySegmentName="seg_0" id="528C2BA1-2AF7-0388-6C2A-42BB913F4166" containerWithKeyObject="EEA53C21-592A-7C17-368B-F8E346076D02" localFKIndex="DDC2DB89-FC13-A376-D202-E1D7EF780D14" name="EMPLEADO_AFP_FK">
<createdBy>Lenovo</createdBy>
<createdTime>2025-10-13 00:41:56 UTC</createdTime>
<generatorID>C3975825-C32E-3E13-8773-5BD127DA335F</generatorID>
<ownerDesignName>Exp3_s9_KevinLovera_modeloRelacional</ownerDesignName>
<referredTableLongName>AFP</referredTableLongName>
<deleteRule>NO ACTION</deleteRule>
<referredTableID>C43E3699-A734-2F70-4F7E-740120294B6C</referredTableID>
<keyObject>D5DA02FE-DC1D-F3FE-44D5-4CD04B8024C0</keyObject>
<referredKeyID>D5DA02FE-DC1D-F3FE-44D5-4CD04B8024C0</referredKeyID>
<mandatory>true</mandatory>
<refColNames>id_afp</refColNames>
<transferable>true</transferable>
<rely>false</rely>
<columnDependencyConstraintGenerateInDDL>true</columnDependencyConstraintGenerateInDDL>
</FKIndexAssociation>