<?xml version = '1.0' encoding = 'UTF-8'?>
<FKIndexAssociation class="oracle.dbtools.crest.model.design.relational.FKIndexAssociation" directorySegmentName="seg_0" id="59F152BA-1A12-AA0D-EE80-2B829F5C954B" containerWithKeyObject="C3B4B35B-6F36-0D19-EA3A-2479F2830835" localFKIndex="4CA8004F-00BB-8416-D435-2899B7DB50E0" name="ORDEN_MANTENCION_MAQUINA_FK">
<createdBy>Lenovo</createdBy>
<createdTime>2025-10-13 00:41:56 UTC</createdTime>
<generatorID>A1E80D6E-55A7-7DC2-969B-32CB0F2C96CE</generatorID>
<ownerDesignName>Exp3_s9_KevinLovera_modeloRelacional</ownerDesignName>
<referredTableLongName>MAQUINA</referredTableLongName>
<deleteRule>NO ACTION</deleteRule>
<referredTableID>6C94C316-38C9-FFF0-D3D9-AB289302BE1B</referredTableID>
<keyObject>EDF74AE1-1E82-9703-CD6D-CB504D95DF8C</keyObject>
<referredKeyID>EDF74AE1-1E82-9703-CD6D-CB504D95DF8C</referredKeyID>
<mandatory>true</mandatory>
<refColNames>numero_maquina</refColNames>
<transferable>true</transferable>
<rely>false</rely>
<columnDependencyConstraintGenerateInDDL>true</columnDependencyConstraintGenerateInDDL>
</FKIndexAssociation>