<?xml version = '1.0' encoding = 'UTF-8'?>
<FKIndexAssociation class="oracle.dbtools.crest.model.design.relational.FKIndexAssociation" directorySegmentName="seg_0" id="614BDCEE-B3C7-AC0D-F388-0347B1938F5E" containerWithKeyObject="89533C27-5CA7-0899-AE27-A11019124951" localFKIndex="831BFA52-BCAA-CEEF-F9B9-BBFC51F9540B" name="PLANTA_COMUNA_FK">
<createdBy>Lenovo</createdBy>
<createdTime>2025-10-13 00:41:56 UTC</createdTime>
<generatorID>DCE89D06-FBD5-ED9F-48CA-86194F138F3B</generatorID>
<ownerDesignName>Exp3_s9_KevinLovera_modeloRelacional</ownerDesignName>
<referredTableLongName>COMUNA</referredTableLongName>
<deleteRule>NO ACTION</deleteRule>
<referredTableID>07A007AD-70DD-62FF-0EDD-1CC46984A4AB</referredTableID>
<keyObject>E5E8F5E4-BA87-8D9A-4411-A3B2803FA9C0</keyObject>
<referredKeyID>E5E8F5E4-BA87-8D9A-4411-A3B2803FA9C0</referredKeyID>
<mandatory>false</mandatory>
<refColNames>id_comuna</refColNames>
<transferable>true</transferable>
<rely>false</rely>
<columnDependencyConstraintGenerateInDDL>true</columnDependencyConstraintGenerateInDDL>
</FKIndexAssociation>