<?xml version = '1.0' encoding = 'UTF-8'?>
<FKIndexAssociation class="oracle.dbtools.crest.model.design.relational.FKIndexAssociation" directorySegmentName="seg_0" id="7C0C8AE2-08DA-0B5F-2FDB-B9C4E567805F" containerWithKeyObject="3E720936-8D79-9F8E-4252-232DCEC3E33D" localFKIndex="18D089A4-25E3-ECF1-C87A-80CE499FBD4E" name="TECNICO_MANTENCION_EMPLEADO_FK">
<createdBy>Lenovo</createdBy>
<createdTime>2025-10-13 00:41:56 UTC</createdTime>
<generatorID>5522CADE-9816-DC4E-FC0E-530AEA90E6DA</generatorID>
<ownerDesignName>Exp3_s9_KevinLovera_modeloRelacional</ownerDesignName>
<referredTableLongName>EMPLEADO</referredTableLongName>
<arc>83B3E6E8-D6CF-7C2A-FF17-7276930030F4</arc>
<deleteRule>NO ACTION</deleteRule>
<referredTableID>EEA53C21-592A-7C17-368B-F8E346076D02</referredTableID>
<keyObject>F673D0CC-E7EB-85E1-7AC1-7F677113CE94</keyObject>
<referredKeyID>F673D0CC-E7EB-85E1-7AC1-7F677113CE94</referredKeyID>
<mandatory>true</mandatory>
<refColNames>id_empleado</refColNames>
<transferable>true</transferable>
<rely>false</rely>
<columnDependencyConstraintGenerateInDDL>true</columnDependencyConstraintGenerateInDDL>
</FKIndexAssociation>