<?xml version = '1.0' encoding = 'UTF-8'?>
<FKIndexAssociation class="oracle.dbtools.crest.model.design.relational.FKIndexAssociation" directorySegmentName="seg_0" id="95031E2A-7456-04E7-9983-9C76EE57B827" containerWithKeyObject="E1F1346D-5036-AEEB-717D-203C48ED1D85" localFKIndex="A0B0D6C2-2580-80F0-BD47-CF7489FAE83D" name="OPERARIO_EMPLEADO_FK">
<createdBy>Lenovo</createdBy>
<createdTime>2025-10-13 00:41:56 UTC</createdTime>
<generatorID>F8FD2C8F-60B1-83C0-F99E-4341CE564A09</generatorID>
<ownerDesignName>Exp3_s9_KevinLovera_modeloRelacional</ownerDesignName>
<referredTableLongName>EMPLEADO</referredTableLongName>
<arc>83B3E6E8-D6CF-7C2A-FF17-7276930030F4</arc>
<deleteRule>NO ACTION</deleteRule>
<referredTableID>EEA53C21-592A-7C17-368B-F8E346076D02</referredTableID>
<keyObject>F673D0CC-E7EB-85E1-7AC1-7F677113CE94</keyObject>
<referredKeyID>F673D0CC-E7EB-85E1-7AC1-7F677113CE94</referredKeyID>
<mandatory>true</mandatory>
<refColNames>id_empleado</refColNames>
<transferable>true</transferable>
<rely>false</rely>
<columnDependencyConstraintGenerateInDDL>true</columnDependencyConstraintGenerateInDDL>
</FKIndexAssociation>