<?xml version = '1.0' encoding = 'UTF-8'?>
<FKIndexAssociation class="oracle.dbtools.crest.model.design.relational.FKIndexAssociation" directorySegmentName="seg_0" id="B969C578-E9CA-2C90-6619-D23D02AD8E5E" containerWithKeyObject="07A007AD-70DD-62FF-0EDD-1CC46984A4AB" localFKIndex="77C56E92-3A30-2752-CC47-D0168B0E5C21" name="COMUNA_REGION_FK">
<createdBy>Lenovo</createdBy>
<createdTime>2025-10-13 00:41:56 UTC</createdTime>
<generatorID>4C2B2C5F-E98E-DC2D-C066-600365328DB0</generatorID>
<ownerDesignName>Exp3_s9_KevinLovera_modeloRelacional</ownerDesignName>
<referredTableLongName>REGION</referredTableLongName>
<deleteRule>NO ACTION</deleteRule>
<referredTableID>751094E1-8FA6-ECBB-0F3A-3D6BC0E07AA7</referredTableID>
<keyObject>BC3AABDA-2A0C-914D-4DF7-7B3B65A27F14</keyObject>
<referredKeyID>BC3AABDA-2A0C-914D-4DF7-7B3B65A27F14</referredKeyID>
<mandatory>true</mandatory>
<refColNames>id_region</refColNames>
<transferable>true</transferable>
<rely>false</rely>
<columnDependencyConstraintGenerateInDDL>true</columnDependencyConstraintGenerateInDDL>
</FKIndexAssociation>