<?xml version = '1.0' encoding = 'UTF-8'?>
<FKIndexAssociation class="oracle.dbtools.crest.model.design.relational.FKIndexAssociation" directorySegmentName="seg_0" id="D8B6186A-FA6D-2BA5-B12F-00CF9CB75F9C" containerWithKeyObject="6C94C316-38C9-FFF0-D3D9-AB289302BE1B" localFKIndex="EF100B91-1947-32DA-CF40-8AA5293D7981" name="MAQUINA_PLANTA_FK">
<createdBy>Lenovo</createdBy>
<createdTime>2025-10-13 00:41:56 UTC</createdTime>
<generatorID>F8FD50D7-EB4D-6C3B-478E-4759353EDE1A</generatorID>
<ownerDesignName>Exp3_s9_KevinLovera_modeloRelacional</ownerDesignName>
<referredTableLongName>PLANTA</referredTableLongName>
<deleteRule>NO ACTION</deleteRule>
<referredTableID>89533C27-5CA7-0899-AE27-A11019124951</referredTableID>
<keyObject>8162C4B9-D050-3F38-8C65-A7F4C077B7A1</keyObject>
<referredKeyID>8162C4B9-D050-3F38-8C65-A7F4C077B7A1</referredKeyID>
<mandatory>true</mandatory>
<refColNames>id_planta</refColNames>
<transferable>true</transferable>
<rely>false</rely>
<columnDependencyConstraintGenerateInDDL>true</columnDependencyConstraintGenerateInDDL>
</FKIndexAssociation>