<?xml version = '1.0' encoding = 'UTF-8'?>
<FKIndexAssociation class="oracle.dbtools.crest.model.design.relational.FKIndexAssociation" directorySegmentName="seg_0" id="D99B7B23-63E1-D9FD-5197-1D97886C7CE3" containerWithKeyObject="EEA53C21-592A-7C17-368B-F8E346076D02" localFKIndex="8B7C74F9-69D8-E105-7E7C-6A3F14CC3612" name="EMPLEADO_SISTEMA_SALUD_FK">
<createdBy>Lenovo</createdBy>
<createdTime>2025-10-13 00:41:56 UTC</createdTime>
<generatorID>70C7F823-8A51-72A7-50A8-960C16B69905</generatorID>
<ownerDesignName>Exp3_s9_KevinLovera_modeloRelacional</ownerDesignName>
<referredTableLongName>SISTEMA_SALUD</referredTableLongName>
<deleteRule>NO ACTION</deleteRule>
<referredTableID>0C75076B-24E8-4B82-3529-A65995F81556</referredTableID>
<keyObject>40E67DFD-13FC-BF5E-7619-82CFBBF5B7BE</keyObject>
<referredKeyID>40E67DFD-13FC-BF5E-7619-82CFBBF5B7BE</referredKeyID>
<mandatory>true</mandatory>
<refColNames>id_salud</refColNames>
<transferable>true</transferable>
<rely>false</rely>
<columnDependencyConstraintGenerateInDDL>true</columnDependencyConstraintGenerateInDDL>
</FKIndexAssociation>