<?xml version = '1.0' encoding = 'UTF-8'?>
<FKIndexAssociation class="oracle.dbtools.crest.model.design.relational.FKIndexAssociation" directorySegmentName="seg_0" id="DFEAB166-8AE5-65FB-3791-85B1E7939393" containerWithKeyObject="C3B4B35B-6F36-0D19-EA3A-2479F2830835" localFKIndex="3CAD2E93-2891-E7AA-B165-818BDFE6F46B" name="ORDEN_MANTENCION_TECNICO_MANTENCION_FK">
<createdBy>Lenovo</createdBy>
<createdTime>2025-10-13 00:41:56 UTC</createdTime>
<generatorID>6D658415-63B5-F52B-0C30-034D71992C5E</generatorID>
<ownerDesignName>Exp3_s9_KevinLovera_modeloRelacional</ownerDesignName>
<referredTableLongName>TECNICO_MANTENCION</referredTableLongName>
<deleteRule>NO ACTION</deleteRule>
<referredTableID>3E720936-8D79-9F8E-4252-232DCEC3E33D</referredTableID>
<keyObject>44D549DD-B5B3-E3BB-A278-18D6E7BC1615</keyObject>
<referredKeyID>44D549DD-B5B3-E3BB-A278-18D6E7BC1615</referredKeyID>
<mandatory>true</mandatory>
<refColNames>id_empleado</refColNames>
<transferable>true</transferable>
<rely>false</rely>
<columnDependencyConstraintGenerateInDDL>true</columnDependencyConstraintGenerateInDDL>
</FKIndexAssociation>