<?xml version = '1.0' encoding = 'UTF-8'?>
<FKIndexAssociation class="oracle.dbtools.crest.model.design.relational.FKIndexAssociation" directorySegmentName="seg_0" id="F2C05139-8899-3BB0-699B-B2733ED0FEC5" containerWithKeyObject="4A6DBCDE-8E6C-78E8-2424-8ECDCAB37372" localFKIndex="097C86B5-79D5-BB24-1C7C-2AE2CCDC33D0" name="JEFE_TURNO_EMPLEADO_FK">
<createdBy>Lenovo</createdBy>
<createdTime>2025-10-13 00:41:56 UTC</createdTime>
<generatorID>8318A973-AEDC-8C01-6F46-9F5CA6D7AD17</generatorID>
<ownerDesignName>Exp3_s9_KevinLovera_modeloRelacional</ownerDesignName>
<referredTableLongName>EMPLEADO</referredTableLongName>
<arc>83B3E6E8-D6CF-7C2A-FF17-7276930030F4</arc>
<deleteRule>NO ACTION</deleteRule>
<referredTableID>EEA53C21-592A-7C17-368B-F8E346076D02</referredTableID>
<keyObject>F673D0CC-E7EB-85E1-7AC1-7F677113CE94</keyObject>
<referredKeyID>F673D0CC-E7EB-85E1-7AC1-7F677113CE94</referredKeyID>
<mandatory>true</mandatory>
<refColNames>id_empleado</refColNames>
<transferable>true</transferable>
<rely>false</rely>
<columnDependencyConstraintGenerateInDDL>true</columnDependencyConstraintGenerateInDDL>
</FKIndexAssociation>