<?xml version = '1.0' encoding = 'UTF-8'?>
<Diagram class="oracle.dbtools.crest.swingui.relational.DPVRelational" name="Relational_1" id="3BCBD8AC-C625-23AC-0BF5-3DF1FC524A0C">
<createdBy>Lenovo</createdBy>
<modifiedBy>Lenovo</modifiedBy>
<createdTime>2025-10-13 00:41:56 UTC</createdTime>
<autoRoute>false</autoRoute>
<boxInbox>true</boxInbox>
<showLegend>false</showLegend>
<showLabels>false</showLabels>
<showRelAttributes>false</showRelAttributes>
<gridEnabled>false</gridEnabled>
<showGrid>false</showGrid>
<diagramColor>-1</diagramColor>
<display>false</display>
<notation>1</notation>
<objectViews>
<OView class="oracle.dbtools.crest.swingui.relational.TVTable" oid="07A007AD-70DD-62FF-0EDD-1CC46984A4AB" otype="Table" vid="6A5B08A2-2F6F-B173-33E1-564A4C4E6FCA">
<hideElementsInCurrentOnly>false</hideElementsInCurrentOnly>
<bounds x="17" y="146" width="244" height="140"/>
</OView>
<OView class="oracle.dbtools.crest.swingui.relational.TVTable" oid="0C75076B-24E8-4B82-3529-A65995F81556" otype="Table" vid="20687662-1800-1F0A-E88D-49357270F5B8">
<hideElementsInCurrentOnly>false</hideElementsInCurrentOnly>
<bounds x="593" y="481" width="226" height="84"/>
</OView>
<OView class="oracle.dbtools.crest.swingui.relational.TVTable" oid="3E720936-8D79-9F8E-4252-232DCEC3E33D" otype="Table" vid="72F10A43-21A8-9175-8B81-DE6392576035">
<hideElementsInCurrentOnly>false</hideElementsInCurrentOnly>
<bounds x="680" y="333" width="315" height="132"/>
</OView>
<OView class="oracle.dbtools.crest.swingui.relational.TVTable" oid="4A6DBCDE-8E6C-78E8-2424-8ECDCAB37372" otype="Table" vid="E7C13EBC-D4C3-5506-059D-5B6AAE693558">
<hideElementsInCurrentOnly>false</hideElementsInCurrentOnly>
<bounds x="1129" y="245" width="300" height="119"/>
</OView>
<OView class="oracle.dbtools.crest.swingui.relational.TVTable" oid="6C94C316-38C9-FFF0-D3D9-AB289302BE1B" otype="Table" vid="CA0CA1C1-A078-0C67-36A4-5801912966EA">
<hideElementsInCurrentOnly>false</hideElementsInCurrentOnly>
<bounds x="295" y="168" width="206" height="110"/>
</OView>
<OView class="oracle.dbtools.crest.swingui.relational.TVTable" oid="751094E1-8FA6-ECBB-0F3A-3D6BC0E07AA7" otype="Table" vid="89397178-A17B-625C-3C47-DFEA8F85BA6C">
<hideElementsInCurrentOnly>false</hideElementsInCurrentOnly>
<bounds x="253" y="17" width="229" height="110"/>
</OView>
<OView class="oracle.dbtools.crest.swingui.relational.TVTable" oid="89533C27-5CA7-0899-AE27-A11019124951" otype="Table" vid="F5680A74-AD85-E702-426D-3C69401F9540">
<hideElementsInCurrentOnly>false</hideElementsInCurrentOnly>
<bounds x="12" y="395" width="238" height="157"/>
</OView>
<OView class="oracle.dbtools.crest.swingui.relational.TVTable" oid="B74EC20B-614D-4915-04BE-70D1BF474677" otype="Table" vid="4EB75CE5-8A82-4024-38BA-5E0C258A9E23">
<hideElementsInCurrentOnly>false</hideElementsInCurrentOnly>
<bounds x="874" y="490" width="335" height="148"/>
</OView>
<OView class="oracle.dbtools.crest.swingui.relational.TVTable" oid="C3B4B35B-6F36-0D19-EA3A-2479F2830835" otype="Table" vid="326C58DD-C333-39E9-3264-FFA055AE3704">
<hideElementsInCurrentOnly>false</hideElementsInCurrentOnly>
<bounds x="260" y="315" width="414" height="151"/>
</OView>
<OView class="oracle.dbtools.crest.swingui.relational.TVTable" oid="C43E3699-A734-2F70-4F7E-740120294B6C" otype="Table" vid="43666AD0-1E3E-1B16-BE36-B24F9460DDE1">
<hideElementsInCurrentOnly>false</hideElementsInCurrentOnly>
<bounds x="291" y="508" width="203" height="92"/>
</OView>
<OView class="oracle.dbtools.crest.swingui.relational.TVTable" oid="CDA33ABB-5C84-B0C3-983F-DF4FBC033E3D" otype="Table" vid="35338DD9-56FA-1BA6-AD3F-BA84FDDF8C0A">
<hideElementsInCurrentOnly>false</hideElementsInCurrentOnly>
<bounds x="1103" y="27" width="366" height="133"/>
</OView>
<OView class="oracle.dbtools.crest.swingui.relational.TVTable" oid="E1F1346D-5036-AEEB-717D-203C48ED1D85" otype="Table" vid="09EDE3A8-1D7D-620F-57E1-7EAF99CBA938">
<hideElementsInCurrentOnly>false</hideElementsInCurrentOnly>
<bounds x="1076" y="375" width="237" height="103"/>
</OView>
<OView class="oracle.dbtools.crest.swingui.relational.TVTable" oid="EEA53C21-592A-7C17-368B-F8E346076D02" otype="Table" vid="9F625277-AF11-AC1F-AC17-27DFDFF58D72">
<hideElementsInCurrentOnly>false</hideElementsInCurrentOnly>
<bounds x="512" y="48" width="518" height="222"/>
</OView>
</objectViews>
<connectors>
<Connector class="oracle.dbtools.crest.swingui.relational.TVFKRelation" oid="201125EB-215A-0AD0-2650-F76682064237" otype="FKIndexAssociation" vid_source="E7C13EBC-D4C3-5506-059D-5B6AAE693558" vid_target="4EB75CE5-8A82-4024-38BA-5E0C258A9E23">
<hideElementsInCurrentOnly>false</hideElementsInCurrentOnly>
<backgroundColor>-16777216</backgroundColor>
<lineWidth>1</lineWidth>
<points>
<point x="1169" y="364"/>
<point x="1169" y="490"/>
</points>
</Connector>
<Connector class="oracle.dbtools.crest.swingui.relational.TVFKRelation" oid="4024273C-4302-B6D2-69EE-3D3BDFF06726" otype="FKIndexAssociation" vid_source="9F625277-AF11-AC1F-AC17-27DFDFF58D72" vid_target="35338DD9-56FA-1BA6-AD3F-BA84FDDF8C0A">
<hideElementsInCurrentOnly>false</hideElementsInCurrentOnly>
<backgroundColor>-16777216</backgroundColor>
<lineWidth>1</lineWidth>
<points>
<point x="1030" y="104"/>
<point x="1103" y="104"/>
</points>
</Connector>
<Connector class="oracle.dbtools.crest.swingui.relational.TVFKRelation" oid="528C2BA1-2AF7-0388-6C2A-42BB913F4166" otype="FKIndexAssociation" vid_source="43666AD0-1E3E-1B16-BE36-B24F9460DDE1" vid_target="9F625277-AF11-AC1F-AC17-27DFDFF58D72">
<hideElementsInCurrentOnly>false</hideElementsInCurrentOnly>
<backgroundColor>-16777216</backgroundColor>
<lineWidth>1</lineWidth>
<points>
<point x="436" y="508"/>
<point x="664" y="270"/>
</points>
</Connector>
<Connector class="oracle.dbtools.crest.swingui.relational.TVFKRelation" oid="59F152BA-1A12-AA0D-EE80-2B829F5C954B" otype="FKIndexAssociation" vid_source="CA0CA1C1-A078-0C67-36A4-5801912966EA" vid_target="326C58DD-C333-39E9-3264-FFA055AE3704">
<hideElementsInCurrentOnly>false</hideElementsInCurrentOnly>
<backgroundColor>-16777216</backgroundColor>
<lineWidth>1</lineWidth>
<points>
<point x="383" y="278"/>
<point x="383" y="315"/>
</points>
</Connector>
<Connector class="oracle.dbtools.crest.swingui.relational.TVFKRelation" oid="614BDCEE-B3C7-AC0D-F388-0347B1938F5E" otype="FKIndexAssociation" vid_source="6A5B08A2-2F6F-B173-33E1-564A4C4E6FCA" vid_target="F5680A74-AD85-E702-426D-3C69401F9540">
<hideElementsInCurrentOnly>false</hideElementsInCurrentOnly>
<backgroundColor>-16777216</backgroundColor>
<lineWidth>1</lineWidth>
<points>
<point x="133" y="286"/>
<point x="133" y="395"/>
</points>
</Connector>
<Connector class="oracle.dbtools.crest.swingui.relational.TVFKRelation" oid="7C0C8AE2-08DA-0B5F-2FDB-B9C4E567805F" otype="FKIndexAssociation" vid_source="9F625277-AF11-AC1F-AC17-27DFDFF58D72" vid_target="72F10A43-21A8-9175-8B81-DE6392576035">
<hideElementsInCurrentOnly>false</hideElementsInCurrentOnly>
<backgroundColor>-16777216</backgroundColor>
<lineWidth>1</lineWidth>
<points>
<point x="837" y="270"/>
<point x="837" y="333"/>
</points>
</Connector>
<Connector class="oracle.dbtools.crest.swingui.relational.TVFKRelation" oid="95031E2A-7456-04E7-9983-9C76EE57B827" otype="FKIndexAssociation" vid_source="9F625277-AF11-AC1F-AC17-27DFDFF58D72" vid_target="09EDE3A8-1D7D-620F-57E1-7EAF99CBA938">
<hideElementsInCurrentOnly>false</hideElementsInCurrentOnly>
<backgroundColor>-16777216</backgroundColor>
<lineWidth>1</lineWidth>
<points>
<point x="946" y="270"/>
<point x="1112" y="375"/>
</points>
</Connector>
<Connector class="oracle.dbtools.crest.swingui.relational.TVFKRelation" oid="B969C578-E9CA-2C90-6619-D23D02AD8E5E" otype="FKIndexAssociation" vid_source="89397178-A17B-625C-3C47-DFEA8F85BA6C" vid_target="6A5B08A2-2F6F-B173-33E1-564A4C4E6FCA">
<hideElementsInCurrentOnly>false</hideElementsInCurrentOnly>
<backgroundColor>-16777216</backgroundColor>
<lineWidth>1</lineWidth>
<points>
<point x="257" y="127"/>
<point x="257" y="146"/>
</points>
</Connector>
<Connector class="oracle.dbtools.crest.swingui.relational.TVFKRelation" oid="D8B6186A-FA6D-2BA5-B12F-00CF9CB75F9C" otype="FKIndexAssociation" vid_source="F5680A74-AD85-E702-426D-3C69401F9540" vid_target="CA0CA1C1-A078-0C67-36A4-5801912966EA">
<hideElementsInCurrentOnly>false</hideElementsInCurrentOnly>
<backgroundColor>-16777216</backgroundColor>
<lineWidth>1</lineWidth>
<points>
<point x="214" y="395"/>
<point x="339" y="278"/>
</points>
</Connector>
<Connector class="oracle.dbtools.crest.swingui.relational.TVFKRelation" oid="D99B7B23-63E1-D9FD-5197-1D97886C7CE3" otype="FKIndexAssociation" vid_source="20687662-1800-1F0A-E88D-49357270F5B8" vid_target="9F625277-AF11-AC1F-AC17-27DFDFF58D72">
<hideElementsInCurrentOnly>false</hideElementsInCurrentOnly>
<backgroundColor>-16777216</backgroundColor>
<lineWidth>1</lineWidth>
<points>
<point x="706" y="481"/>
<point x="706" y="270"/>
</points>
</Connector>
<Connector class="oracle.dbtools.crest.swingui.relational.TVFKRelation" oid="DFEAB166-8AE5-65FB-3791-85B1E7939393" otype="FKIndexAssociation" vid_source="72F10A43-21A8-9175-8B81-DE6392576035" vid_target="326C58DD-C333-39E9-3264-FFA055AE3704">
<hideElementsInCurrentOnly>false</hideElementsInCurrentOnly>
<backgroundColor>-16777216</backgroundColor>
<lineWidth>1</lineWidth>
<points>
<point x="680" y="399"/>
<point x="674" y="399"/>
</points>
</Connector>
<Connector class="oracle.dbtools.crest.swingui.relational.TVFKRelation" oid="F2C05139-8899-3BB0-699B-B2733ED0FEC5" otype="FKIndexAssociation" vid_source="9F625277-AF11-AC1F-AC17-27DFDFF58D72" vid_target="E7C13EBC-D4C3-5506-059D-5B6AAE693558">
<hideElementsInCurrentOnly>false</hideElementsInCurrentOnly>
<backgroundColor>-16777216</backgroundColor>
<lineWidth>1</lineWidth>
<points>
<point x="1030" y="257"/>
<point x="1129" y="257"/>
</points>
</Connector>
</connectors>
<arcs>
<Arc class="oracle.dbtools.crest.swingui.relational.TVFKArc" oid="83B3E6E8-D6CF-7C2A-FF17-7276930030F4" otype="FKArc" vid="BDD1C151-A1C7-1E1C-8FE2-92D9B1108C5A">
<hideElementsInCurrentOnly>false</hideElementsInCurrentOnly>
<bounds x="472" y="8" width="598" height="302"/>
</Arc>
<Arc class="oracle.dbtools.crest.swingui.relational.TVFKArc" oid="C5EA8773-E43A-D151-878F-D649C3846B26" otype="FKArc" vid="D21F73B1-82D5-1576-2543-677EDA394709">
<hideElementsInCurrentOnly>false</hideElementsInCurrentOnly>
<bounds x="492" y="28" width="558" height="262"/>
</Arc>
</arcs>
</Diagram>