<?xml version = '1.0' encoding = 'UTF-8'?>
<Entity class="oracle.dbtools.crest.model.design.logical.Entity" directorySegmentName="seg_0" id="7106E454-A885-60F5-9534-AD058906640D" name="ASIGNACION_TURNO">
<createdBy>Lenovo</createdBy>
<createdTime>2025-10-12 21:38:29 UTC</createdTime>
<ownerDesignName>Exp3_s9_KevinLovera_modeloRelacional</ownerDesignName>
<engineerTo>
<item key="57C60768-A0F9-EAE7-1A18-E77F7800975D" value="true"/>
</engineerTo>
<adequatelyNormalized>NO</adequatelyNormalized>
<expectedVolumes>0</expectedVolumes>
<fwdEngineeringStrategyName>Single Table</fwdEngineeringStrategyName>
<growthPercent>0</growthPercent>
<growthType>Year</growthType>
<maxVolumes>9999999</maxVolumes>
<minVolumes>0</minVolumes>
<normalForm>Third</normalForm>
<attributes itemClass="oracle.dbtools.crest.model.design.logical.Attribute">
<Attribute name="id_asignacion" id="425B68CE-FE8C-7866-0C19-C7D7A41392C0">
<createdBy>Lenovo</createdBy>
<createdTime>2025-10-13 00:14:56 UTC</createdTime>
<ownerDesignName>Exp3_s9_KevinLovera_modeloRelacional</ownerDesignName>
<engineerTo>
<item key="57C60768-A0F9-EAE7-1A18-E77F7800975D" value="true"/>
</engineerTo>
<useDomainConstraints>false</useDomainConstraints>
<use>1</use>
<logicalDatatype>LOGDT019</logicalDatatype>
<ownDataTypeParameters>,,</ownDataTypeParameters>
</Attribute>
<Attribute name="rol_en_turno" id="EC4E1E7F-020D-76E5-22CF-0FEA3C7DB281">
<createdBy>Lenovo</createdBy>
<createdTime>2025-10-13 00:15:18 UTC</createdTime>
<ownerDesignName>Exp3_s9_KevinLovera_modeloRelacional</ownerDesignName>
<engineerTo>
<item key="57C60768-A0F9-EAE7-1A18-E77F7800975D" value="true"/>
</engineerTo>
<useDomainConstraints>false</useDomainConstraints>
<use>1</use>
<logicalDatatype>LOGDT024</logicalDatatype>
<ownDataTypeParameters>,,</ownDataTypeParameters>
</Attribute>
<Attribute name="fecha" id="5660B463-8734-C829-5C24-957A0BA2B1BF">
<createdBy>Lenovo</createdBy>
<createdTime>2025-10-13 00:15:41 UTC</createdTime>
<ownerDesignName>Exp3_s9_KevinLovera_modeloRelacional</ownerDesignName>
<engineerTo>
<item key="57C60768-A0F9-EAE7-1A18-E77F7800975D" value="true"/>
</engineerTo>
<useDomainConstraints>false</useDomainConstraints>
<use>1</use>
<logicalDatatype>LOGDT007</logicalDatatype>
<ownDataTypeParameters>,,</ownDataTypeParameters>
</Attribute>
<Attribute name="id_empleado" id="C9A0B1F5-3A16-AE7A-9B59-4953BD6863E5">
<createdBy>Lenovo</createdBy>
<createdTime>2025-10-13 00:30:44 UTC</createdTime>
<generatorID>32AD312C-83AF-8F9F-E466-9D3DB7E06BE7</generatorID>
<ownerDesignName>Exp3_s9_KevinLovera_modeloRelacional</ownerDesignName>
<engineerTo>
<item key="57C60768-A0F9-EAE7-1A18-E77F7800975D" value="true"/>
</engineerTo>
<referedAttribute>0D1FDFA1-2776-E736-CBF8-060480EFB1E1</referedAttribute>
<useDomainConstraints>false</useDomainConstraints>
<use>1</use>
<logicalDatatype>LOGDT019</logicalDatatype>
<dataTypePrecision>10</dataTypePrecision>
<ownDataTypeParameters>,,</ownDataTypeParameters>
</Attribute>
</attributes>
<identifiers itemClass="oracle.dbtools.crest.model.design.logical.CandidateKey">
<identifier id="96412668-C86C-B943-8F9A-22974E83233F" name="ASIGNACION_TURNO PK">
<createdBy>Lenovo</createdBy>
<createdTime>2025-10-13 00:15:07 UTC</createdTime>
<ownerDesignName>Exp3_s9_KevinLovera_modeloRelacional</ownerDesignName>
<engineerTo>
<item key="57C60768-A0F9-EAE7-1A18-E77F7800975D" value="true"/>
</engineerTo>
<pk>true</pk>
<usedAttributes>
<attributeRef>425B68CE-FE8C-7866-0C19-C7D7A41392C0</attributeRef>
</usedAttributes>
</identifier>
</identifiers>
</Entity>