<?xml version = '1.0' encoding = 'UTF-8'?>
<Entity class="oracle.dbtools.crest.model.design.logical.Entity" directorySegmentName="seg_0" id="7BA04A46-36A1-980E-FC0A-BD8FD6BF2917" name="REGION">
<createdBy>Lenovo</createdBy>
<createdTime>2025-10-12 21:28:46 UTC</createdTime>
<ownerDesignName>Exp3_s9_KevinLovera_modeloRelacional</ownerDesignName>
<engineerTo>
<item key="57C60768-A0F9-EAE7-1A18-E77F7800975D" value="true"/>
</engineerTo>
<adequatelyNormalized>NO</adequatelyNormalized>
<expectedVolumes>0</expectedVolumes>
<fwdEngineeringStrategyName>Single Table</fwdEngineeringStrategyName>
<growthPercent>0</growthPercent>
<growthType>Year</growthType>
<maxVolumes>9999999</maxVolumes>
<minVolumes>0</minVolumes>
<normalForm>Third</normalForm>
<attributes itemClass="oracle.dbtools.crest.model.design.logical.Attribute">
<Attribute name="id_region" id="C3DE2CB5-4DF9-0F8F-3204-323679A73E92">
<createdBy>Lenovo</createdBy>
<createdTime>2025-10-12 21:40:53 UTC</createdTime>
<ownerDesignName>Exp3_s9_KevinLovera_modeloRelacional</ownerDesignName>
<engineerTo>
<item key="57C60768-A0F9-EAE7-1A18-E77F7800975D" value="true"/>
</engineerTo>
<useDomainConstraints>false</useDomainConstraints>
<use>1</use>
<logicalDatatype>LOGDT019</logicalDatatype>
<ownDataTypeParameters>,,</ownDataTypeParameters>
</Attribute>
<Attribute name="nombre_region" id="736E54D8-CF47-7E41-6EAD-7E699F4C343D">
<createdBy>Lenovo</createdBy>
<createdTime>2025-10-12 21:44:15 UTC</createdTime>
<ownerDesignName>Exp3_s9_KevinLovera_modeloRelacional</ownerDesignName>
<engineerTo>
<item key="57C60768-A0F9-EAE7-1A18-E77F7800975D" value="true"/>
</engineerTo>
<useDomainConstraints>false</useDomainConstraints>
<use>1</use>
<logicalDatatype>LOGDT024</logicalDatatype>
<dataTypeSize>15</dataTypeSize>
<ownDataTypeParameters>15,,</ownDataTypeParameters>
</Attribute>
</attributes>
<identifiers itemClass="oracle.dbtools.crest.model.design.logical.CandidateKey">
<identifier id="56C126F1-F228-5E05-6795-46852B40217E" name="REGION PK">
<createdBy>Lenovo</createdBy>
<createdTime>2025-10-12 21:41:41 UTC</createdTime>
<ownerDesignName>Exp3_s9_KevinLovera_modeloRelacional</ownerDesignName>
<engineerTo>
<item key="57C60768-A0F9-EAE7-1A18-E77F7800975D" value="true"/>
</engineerTo>
<pk>true</pk>
<newElementsIDs>C3DE2CB5-4DF9-0F8F-3204-323679A73E92</newElementsIDs>
<usedAttributes>
<attributeRef>C3DE2CB5-4DF9-0F8F-3204-323679A73E92</attributeRef>
</usedAttributes>
</identifier>
</identifiers>
</Entity>