<?xml version = '1.0' encoding = 'UTF-8'?>
<Entity class="oracle.dbtools.crest.model.design.logical.Entity" directorySegmentName="seg_0" id="A7BAA2BE-0823-B3D4-5BA7-A7BAA09527CB" name="MAQUINA">
<createdBy>Lenovo</createdBy>
<createdTime>2025-10-12 21:31:47 UTC</createdTime>
<ownerDesignName>Exp3_s9_KevinLovera_modeloRelacional</ownerDesignName>
<engineerTo>
<item key="57C60768-A0F9-EAE7-1A18-E77F7800975D" value="true"/>
</engineerTo>
<adequatelyNormalized>NO</adequatelyNormalized>
<expectedVolumes>0</expectedVolumes>
<fwdEngineeringStrategyName>Single Table</fwdEngineeringStrategyName>
<growthPercent>0</growthPercent>
<growthType>Year</growthType>
<maxVolumes>9999999</maxVolumes>
<minVolumes>0</minVolumes>
<normalForm>Third</normalForm>
<attributes itemClass="oracle.dbtools.crest.model.design.logical.Attribute">
<Attribute name="numero_maquina" id="E730D90B-A784-D37D-DD9E-B3EEDA679F5D">
<createdBy>Lenovo</createdBy>
<createdTime>2025-10-12 22:19:03 UTC</createdTime>
<ownerDesignName>Exp3_s9_KevinLovera_modeloRelacional</ownerDesignName>
<engineerTo>
<item key="57C60768-A0F9-EAE7-1A18-E77F7800975D" value="true"/>
</engineerTo>
<useDomainConstraints>false</useDomainConstraints>
<use>1</use>
<logicalDatatype>LOGDT019</logicalDatatype>
<dataTypePrecision>10</dataTypePrecision>
<ownDataTypeParameters>,10,</ownDataTypeParameters>
</Attribute>
<Attribute name="nombre_maquina" id="6B271A1D-C533-18D2-08C1-696A4702301B">
<createdBy>Lenovo</createdBy>
<createdTime>2025-10-12 22:19:30 UTC</createdTime>
<ownerDesignName>Exp3_s9_KevinLovera_modeloRelacional</ownerDesignName>
<engineerTo>
<item key="57C60768-A0F9-EAE7-1A18-E77F7800975D" value="true"/>
</engineerTo>
<useDomainConstraints>false</useDomainConstraints>
<use>1</use>
<logicalDatatype>LOGDT024</logicalDatatype>
<dataTypeSize>15</dataTypeSize>
<ownDataTypeParameters>15,,</ownDataTypeParameters>
</Attribute>
<Attribute name="id_planta" id="659577C5-470E-8A9D-03E1-95B3E22DD9B1">
<createdBy>Lenovo</createdBy>
<createdTime>2025-10-13 00:22:07 UTC</createdTime>
<generatorID>F8FD50D7-EB4D-6C3B-478E-4759353EDE1A</generatorID>
<ownerDesignName>Exp3_s9_KevinLovera_modeloRelacional</ownerDesignName>
<engineerTo>
<item key="57C60768-A0F9-EAE7-1A18-E77F7800975D" value="true"/>
</engineerTo>
<referedAttribute>B76B3EF9-D138-6966-464A-1E32464F5F5F</referedAttribute>
<useDomainConstraints>false</useDomainConstraints>
<use>1</use>
<logicalDatatype>LOGDT019</logicalDatatype>
<dataTypePrecision>10</dataTypePrecision>
<ownDataTypeParameters>,,</ownDataTypeParameters>
</Attribute>
</attributes>
<identifiers itemClass="oracle.dbtools.crest.model.design.logical.CandidateKey">
<identifier id="C6DCCE0E-C8DD-B3EC-1555-95763591CA50" name="MAQUINA PK">
<createdBy>Lenovo</createdBy>
<createdTime>2025-10-12 22:19:22 UTC</createdTime>
<ownerDesignName>Exp3_s9_KevinLovera_modeloRelacional</ownerDesignName>
<engineerTo>
<item key="57C60768-A0F9-EAE7-1A18-E77F7800975D" value="true"/>
</engineerTo>
<pk>true</pk>
<usedAttributes>
<attributeRef>E730D90B-A784-D37D-DD9E-B3EEDA679F5D</attributeRef>
</usedAttributes>
</identifier>
</identifiers>
</Entity>