<?xml version = '1.0' encoding = 'UTF-8'?>
<Entity class="oracle.dbtools.crest.model.design.logical.Entity" directorySegmentName="seg_0" id="BEF7FF5D-6BE3-CF8A-310B-0A50B0C48CBF" name="ORDEN_MANTENCION">
<createdBy>Lenovo</createdBy>
<createdTime>2025-10-12 21:38:22 UTC</createdTime>
<ownerDesignName>Exp3_s9_KevinLovera_modeloRelacional</ownerDesignName>
<engineerTo>
<item key="57C60768-A0F9-EAE7-1A18-E77F7800975D" value="true"/>
</engineerTo>
<adequatelyNormalized>NO</adequatelyNormalized>
<expectedVolumes>0</expectedVolumes>
<fwdEngineeringStrategyName>Single Table</fwdEngineeringStrategyName>
<growthPercent>0</growthPercent>
<growthType>Year</growthType>
<maxVolumes>9999999</maxVolumes>
<minVolumes>0</minVolumes>
<normalForm>Third</normalForm>
<attributes itemClass="oracle.dbtools.crest.model.design.logical.Attribute">
<Attribute name="id_orden" id="30F8AE8E-A829-F038-533F-C52CBB63710E">
<createdBy>Lenovo</createdBy>
<createdTime>2025-10-13 00:11:51 UTC</createdTime>
<ownerDesignName>Exp3_s9_KevinLovera_modeloRelacional</ownerDesignName>
<engineerTo>
<item key="57C60768-A0F9-EAE7-1A18-E77F7800975D" value="true"/>
</engineerTo>
<useDomainConstraints>false</useDomainConstraints>
<use>1</use>
<logicalDatatype>LOGDT019</logicalDatatype>
<ownDataTypeParameters>,,</ownDataTypeParameters>
</Attribute>
<Attribute name="fecha_programada" id="D015DD60-438F-8A30-B362-DDEDF442806B">
<createdBy>Lenovo</createdBy>
<createdTime>2025-10-13 00:12:30 UTC</createdTime>
<ownerDesignName>Exp3_s9_KevinLovera_modeloRelacional</ownerDesignName>
<engineerTo>
<item key="57C60768-A0F9-EAE7-1A18-E77F7800975D" value="true"/>
</engineerTo>
<useDomainConstraints>false</useDomainConstraints>
<use>1</use>
<logicalDatatype>LOGDT007</logicalDatatype>
<ownDataTypeParameters>,,</ownDataTypeParameters>
</Attribute>
<Attribute name="fecha_ejecucion" id="7EA61728-34C0-4BF2-3206-0A1791099F02">
<createdBy>Lenovo</createdBy>
<createdTime>2025-10-13 00:14:07 UTC</createdTime>
<ownerDesignName>Exp3_s9_KevinLovera_modeloRelacional</ownerDesignName>
<engineerTo>
<item key="57C60768-A0F9-EAE7-1A18-E77F7800975D" value="true"/>
</engineerTo>
<useDomainConstraints>false</useDomainConstraints>
<use>1</use>
<logicalDatatype>LOGDT007</logicalDatatype>
<ownDataTypeParameters>,,</ownDataTypeParameters>
</Attribute>
<Attribute name="numero_maquina" id="35DD3F69-5080-4D00-1D17-786C1ADFFE4C">
<createdBy>Lenovo</createdBy>
<createdTime>2025-10-13 00:33:51 UTC</createdTime>
<generatorID>A1E80D6E-55A7-7DC2-969B-32CB0F2C96CE</generatorID>
<ownerDesignName>Exp3_s9_KevinLovera_modeloRelacional</ownerDesignName>
<engineerTo>
<item key="57C60768-A0F9-EAE7-1A18-E77F7800975D" value="true"/>
</engineerTo>
<referedAttribute>E730D90B-A784-D37D-DD9E-B3EEDA679F5D</referedAttribute>
<useDomainConstraints>false</useDomainConstraints>
<use>1</use>
<logicalDatatype>LOGDT019</logicalDatatype>
<dataTypePrecision>10</dataTypePrecision>
<ownDataTypeParameters>,,</ownDataTypeParameters>
</Attribute>
<Attribute name="id_empleado" id="694A54D6-0EFB-81F0-955F-24B59BCAA50C">
<createdBy>Lenovo</createdBy>
<createdTime>2025-10-13 00:35:26 UTC</createdTime>
<generatorID>6D658415-63B5-F52B-0C30-034D71992C5E</generatorID>
<ownerDesignName>Exp3_s9_KevinLovera_modeloRelacional</ownerDesignName>
<engineerTo>
<item key="57C60768-A0F9-EAE7-1A18-E77F7800975D" value="true"/>
</engineerTo>
<referedAttribute>0D1FDFA1-2776-E736-CBF8-060480EFB1E1</referedAttribute>
<useDomainConstraints>false</useDomainConstraints>
<use>1</use>
<logicalDatatype>LOGDT019</logicalDatatype>
<dataTypePrecision>10</dataTypePrecision>
<ownDataTypeParameters>,,</ownDataTypeParameters>
</Attribute>
</attributes>
<identifiers itemClass="oracle.dbtools.crest.model.design.logical.CandidateKey">
<identifier id="9B6B6664-425D-B402-F5FE-AD5CBD417B9E" name="ORDEN_MANTENCION PK">
<createdBy>Lenovo</createdBy>
<createdTime>2025-10-13 00:12:29 UTC</createdTime>
<ownerDesignName>Exp3_s9_KevinLovera_modeloRelacional</ownerDesignName>
<engineerTo>
<item key="57C60768-A0F9-EAE7-1A18-E77F7800975D" value="true"/>
</engineerTo>
<pk>true</pk>
<usedAttributes>
<attributeRef>30F8AE8E-A829-F038-533F-C52CBB63710E</attributeRef>
<attributeRef>694A54D6-0EFB-81F0-955F-24B59BCAA50C</attributeRef>
</usedAttributes>
</identifier>
</identifiers>
</Entity>