<?xml version = '1.0' encoding = 'UTF-8'?>
<Entity class="oracle.dbtools.crest.model.design.logical.Entity" directorySegmentName="seg_0" id="CDDFC217-E3BB-6493-E762-8E0C40985651" name="JEFE_TURNO">
<createdBy>Lenovo</createdBy>
<createdTime>2025-10-12 21:36:58 UTC</createdTime>
<ownerDesignName>Exp3_s9_KevinLovera_modeloRelacional</ownerDesignName>
<engineerTo>
<item key="57C60768-A0F9-EAE7-1A18-E77F7800975D" value="true"/>
</engineerTo>
<adequatelyNormalized>NO</adequatelyNormalized>
<expectedVolumes>0</expectedVolumes>
<fwdEngineeringStrategyName>Single Table</fwdEngineeringStrategyName>
<growthPercent>0</growthPercent>
<growthType>Year</growthType>
<hierarchicalParent>A27DD705-C316-C6D8-4E79-20476450AA1A</hierarchicalParent>
<maxVolumes>9999999</maxVolumes>
<minVolumes>0</minVolumes>
<normalForm>Third</normalForm>
<attributes itemClass="oracle.dbtools.crest.model.design.logical.Attribute">
<Attribute name="area_responsabilidad" id="3FDFACC6-BA66-F7C8-ACC3-6EF3FC316443">
<createdBy>Lenovo</createdBy>
<createdTime>2025-10-12 23:59:53 UTC</createdTime>
<ownerDesignName>Exp3_s9_KevinLovera_modeloRelacional</ownerDesignName>
<engineerTo>
<item key="57C60768-A0F9-EAE7-1A18-E77F7800975D" value="true"/>
</engineerTo>
<useDomainConstraints>false</useDomainConstraints>
<use>1</use>
<logicalDatatype>LOGDT024</logicalDatatype>
<ownDataTypeParameters>,,</ownDataTypeParameters>
</Attribute>
<Attribute name="max_operarios_turno" id="9317348B-7420-51CB-31CD-B64C6D42D0C6">
<createdBy>Lenovo</createdBy>
<createdTime>2025-10-13 00:00:52 UTC</createdTime>
<ownerDesignName>Exp3_s9_KevinLovera_modeloRelacional</ownerDesignName>
<engineerTo>
<item key="57C60768-A0F9-EAE7-1A18-E77F7800975D" value="true"/>
</engineerTo>
<useDomainConstraints>false</useDomainConstraints>
<use>1</use>
<logicalDatatype>LOGDT019</logicalDatatype>
<dataTypePrecision>5</dataTypePrecision>
<ownDataTypeParameters>,5,</ownDataTypeParameters>
</Attribute>
</attributes>
</Entity>