<?xml version = '1.0' encoding = 'UTF-8'?>
<Relation class="oracle.dbtools.crest.model.design.logical.Relation" name="Relation_14" directorySegmentName="seg_0" id="0EB5DE1F-1D12-400C-7B9A-D8BC1FC6CAE5">
<createdBy>Lenovo</createdBy>
<createdTime>2025-08-31 03:25:26 UTC</createdTime>
<ownerDesignName>Exp3_s3_Kevin_Lovera</ownerDesignName>
<engineerTo>
<item key="D6C8EA52-8571-FFFA-FE8A-E383058762CE" value="true"/>
</engineerTo>
<sourcePk>89F15CFC-6969-6945-EF15-E3B5905B6E86</sourcePk>
<identifying>false</identifying>
<nameOnSource>hace</nameOnSource>
<nameOnTarget>realizado</nameOnTarget>
<optionalSource>false</optionalSource>
<optionalTarget>false</optionalTarget>
<sourceCardinality>1</sourceCardinality>
<sourceEntity>27D73C76-02BB-DD0F-8D9B-0F31FC30B9A5</sourceEntity>
<targetCardinalityString>*</targetCardinalityString>
<targetEntity>9D5AA09F-4822-B58B-A493-5D7365C78F9A</targetEntity>
<transferable>true</transferable>
<deleteRule>NO ACTION</deleteRule>
</Relation>