<?xml version = '1.0' encoding = 'UTF-8'?>
<Relation class="oracle.dbtools.crest.model.design.logical.Relation" name="Relation_5" directorySegmentName="seg_0" id="251EB711-B582-436F-071B-807CB21CDCDE">
<createdBy>Lenovo</createdBy>
<createdTime>2025-08-31 00:00:24 UTC</createdTime>
<ownerDesignName>Exp3_s3_Kevin_Lovera</ownerDesignName>
<engineerTo>
<item key="D6C8EA52-8571-FFFA-FE8A-E383058762CE" value="true"/>
</engineerTo>
<sourcePk>89F15CFC-6969-6945-EF15-E3B5905B6E86</sourcePk>
<identifying>false</identifying>
<nameOnSource>tiene</nameOnSource>
<nameOnTarget>pertenece</nameOnTarget>
<optionalSource>true</optionalSource>
<optionalTarget>false</optionalTarget>
<sourceCardinality>1</sourceCardinality>
<sourceEntity>27D73C76-02BB-DD0F-8D9B-0F31FC30B9A5</sourceEntity>
<targetCardinalityString>*</targetCardinalityString>
<targetEntity>750ACCCE-3B3C-E252-D9B1-5852C1D40B0E</targetEntity>
<transferable>true</transferable>
<deleteRule>NO ACTION</deleteRule>
</Relation>