<?xml version = '1.0' encoding = 'UTF-8'?>
<Relation class="oracle.dbtools.crest.model.design.logical.Relation" name="Relation_16" directorySegmentName="seg_0" id="266D34B1-F342-3A38-02C1-5EDF6BD23311">
<createdBy>Lenovo</createdBy>
<createdTime>2025-08-31 15:09:52 UTC</createdTime>
<ownerDesignName>Exp3_s3_Kevin_Lovera</ownerDesignName>
<engineerTo>
<item key="D6C8EA52-8571-FFFA-FE8A-E383058762CE" value="true"/>
</engineerTo>
<sourcePk>91BE8F91-0577-7261-5A6F-3DFC6A1E7938</sourcePk>
<identifying>false</identifying>
<nameOnSource>tiene</nameOnSource>
<nameOnTarget>asociado</nameOnTarget>
<optionalSource>true</optionalSource>
<optionalTarget>false</optionalTarget>
<sourceCardinality>1</sourceCardinality>
<sourceEntity>9D5AA09F-4822-B58B-A493-5D7365C78F9A</sourceEntity>
<targetCardinalityString>*</targetCardinalityString>
<targetEntity>E764007C-8FE7-93CC-5203-2B6ED4D792B1</targetEntity>
<transferable>true</transferable>
<deleteRule>NO ACTION</deleteRule>
</Relation>