<?xml version = '1.0' encoding = 'UTF-8'?>
<Relation class="oracle.dbtools.crest.model.design.logical.Relation" name="Relation_13" directorySegmentName="seg_0" id="324699F8-8BE9-3A81-E30A-D043932C77E5">
<createdBy>Lenovo</createdBy>
<createdTime>2025-08-31 03:14:40 UTC</createdTime>
<ownerDesignName>Exp3_s3_Kevin_Lovera</ownerDesignName>
<engineerTo>
<item key="D6C8EA52-8571-FFFA-FE8A-E383058762CE" value="true"/>
</engineerTo>
<sourcePk>9B138FB4-87B2-0C3E-39EC-826763055C9A</sourcePk>
<identifying>false</identifying>
<nameOnSource>suscribe</nameOnSource>
<nameOnTarget>suscrito</nameOnTarget>
<optionalSource>true</optionalSource>
<optionalTarget>false</optionalTarget>
<sourceCardinality>1</sourceCardinality>
<sourceEntity>149E3DCE-8342-6EA4-9820-7539B9A2D789</sourceEntity>
<targetCardinalityString>*</targetCardinalityString>
<targetEntity>9D5AA09F-4822-B58B-A493-5D7365C78F9A</targetEntity>
<transferable>true</transferable>
<deleteRule>NO ACTION</deleteRule>
</Relation>