<?xml version = '1.0' encoding = 'UTF-8'?>
<Relation class="oracle.dbtools.crest.model.design.logical.Relation" name="Relation_8" directorySegmentName="seg_0" id="4D990046-3719-6CCA-022E-0D89717815C5">
<createdBy>Lenovo</createdBy>
<createdTime>2025-08-31 00:18:13 UTC</createdTime>
<ownerDesignName>Exp3_s3_Kevin_Lovera</ownerDesignName>
<engineerTo>
<item key="D6C8EA52-8571-FFFA-FE8A-E383058762CE" value="true"/>
</engineerTo>
<sourcePk>A292F5DF-8DDA-A890-54AF-8D3BDA4775D1</sourcePk>
<targetPk>A2553898-F4CF-8379-53F9-00D633A87205</targetPk>
<identifying>false</identifying>
<nameOnSource>aloja</nameOnSource>
<nameOnTarget>alojado</nameOnTarget>
<optionalSource>false</optionalSource>
<optionalTarget>false</optionalTarget>
<sourceCardinality>1</sourceCardinality>
<sourceEntity>750ACCCE-3B3C-E252-D9B1-5852C1D40B0E</sourceEntity>
<targetCardinalityString>1</targetCardinalityString>
<targetEntity>FC983847-4FF2-F962-F662-A4E53683BEBF</targetEntity>
<transferable>true</transferable>
<deleteRule>NO ACTION</deleteRule>
</Relation>