<?xml version = '1.0' encoding = 'UTF-8'?>
<Relation class="oracle.dbtools.crest.model.design.logical.Relation" name="Relation_18" directorySegmentName="seg_0" id="6A65D6A7-6823-500F-AEDB-A5751685783F">
<createdBy>Lenovo</createdBy>
<createdTime>2025-08-31 15:11:42 UTC</createdTime>
<ownerDesignName>Exp3_s3_Kevin_Lovera</ownerDesignName>
<engineerTo>
<item key="D6C8EA52-8571-FFFA-FE8A-E383058762CE" value="true"/>
</engineerTo>
<sourcePk>91BE8F91-0577-7261-5A6F-3DFC6A1E7938</sourcePk>
<identifying>false</identifying>
<optionalSource>true</optionalSource>
<optionalTarget>false</optionalTarget>
<sourceCardinality>1</sourceCardinality>
<sourceEntity>9D5AA09F-4822-B58B-A493-5D7365C78F9A</sourceEntity>
<targetCardinalityString>*</targetCardinalityString>
<targetEntity>DA31EE28-63AD-B3F8-1289-2524A59E2BA9</targetEntity>
<transferable>true</transferable>
<deleteRule>NO ACTION</deleteRule>
</Relation>