<?xml version = '1.0' encoding = 'UTF-8'?>
<Relation class="oracle.dbtools.crest.model.design.logical.Relation" name="Relation_12" directorySegmentName="seg_0" id="8FAEDBA1-427E-7A7A-F54A-B8792CBB89DA">
<createdBy>Lenovo</createdBy>
<createdTime>2025-08-31 03:10:59 UTC</createdTime>
<ownerDesignName>Exp3_s3_Kevin_Lovera</ownerDesignName>
<engineerTo>
<item key="D6C8EA52-8571-FFFA-FE8A-E383058762CE" value="true"/>
</engineerTo>
<sourcePk>A2553898-F4CF-8379-53F9-00D633A87205</sourcePk>
<targetPk>91BE8F91-0577-7261-5A6F-3DFC6A1E7938</targetPk>
<identifying>false</identifying>
<nameOnSource>vinculado</nameOnSource>
<optionalSource>false</optionalSource>
<optionalTarget>false</optionalTarget>
<sourceCardinality>1</sourceCardinality>
<sourceEntity>FC983847-4FF2-F962-F662-A4E53683BEBF</sourceEntity>
<targetCardinalityString>1</targetCardinalityString>
<targetEntity>9D5AA09F-4822-B58B-A493-5D7365C78F9A</targetEntity>
<transferable>true</transferable>
<deleteRule>NO ACTION</deleteRule>
</Relation>