<?xml version = '1.0' encoding = 'UTF-8'?>
<Relation class="oracle.dbtools.crest.model.design.logical.Relation" name="personal_residencia" directorySegmentName="seg_0" id="B16059F8-D2B6-4F1B-FDF7-A9F1D4E90062">
<createdBy>Lenovo</createdBy>
<createdTime>2025-08-30 22:47:42 UTC</createdTime>
<ownerDesignName>Exp3_s3_Kevin_Lovera</ownerDesignName>
<engineerTo>
<item key="D6C8EA52-8571-FFFA-FE8A-E383058762CE" value="true"/>
</engineerTo>
<sourcePk>89F15CFC-6969-6945-EF15-E3B5905B6E86</sourcePk>
<identifying>false</identifying>
<nameOnSource>dispone</nameOnSource>
<nameOnTarget>asignado</nameOnTarget>
<optionalSource>false</optionalSource>
<optionalTarget>false</optionalTarget>
<sourceCardinality>1</sourceCardinality>
<sourceEntity>27D73C76-02BB-DD0F-8D9B-0F31FC30B9A5</sourceEntity>
<targetCardinalityString>*</targetCardinalityString>
<targetEntity>1A2B676C-23A4-BBC1-0B02-4F58CAFC74B4</targetEntity>
<transferable>true</transferable>
<deleteRule>NO ACTION</deleteRule>
</Relation>