<?xml version = '1.0' encoding = 'UTF-8'?>
<Relation class="oracle.dbtools.crest.model.design.logical.Relation" name="Relation_4" directorySegmentName="seg_0" id="BF3D067B-23E1-B250-CC8C-5D0CEFFDBD44">
<createdBy>Lenovo</createdBy>
<createdTime>2025-08-30 23:10:02 UTC</createdTime>
<ownerDesignName>Exp3_s3_Kevin_Lovera</ownerDesignName>
<engineerTo>
<item key="D6C8EA52-8571-FFFA-FE8A-E383058762CE" value="true"/>
</engineerTo>
<sourcePk>351D145E-174F-48DA-7EC9-AC6218D045C1</sourcePk>
<identifying>false</identifying>
<nameOnSource>tiene</nameOnSource>
<nameOnTarget>pertenece</nameOnTarget>
<optionalSource>true</optionalSource>
<optionalTarget>false</optionalTarget>
<sourceCardinality>1</sourceCardinality>
<sourceEntity>3D83E775-58EF-DBE3-A17C-85D8BE24D8EE</sourceEntity>
<targetCardinalityString>*</targetCardinalityString>
<targetEntity>27D73C76-02BB-DD0F-8D9B-0F31FC30B9A5</targetEntity>
<transferable>true</transferable>
<deleteRule>NO ACTION</deleteRule>
</Relation>