<?xml version = '1.0' encoding = 'UTF-8'?>
<Relation class="oracle.dbtools.crest.model.design.logical.Relation" name="Relation_17" directorySegmentName="seg_0" id="CED66F5E-6F2E-1647-C9F6-5873DCB033FA">
<createdBy>Lenovo</createdBy>
<createdTime>2025-08-31 15:11:14 UTC</createdTime>
<ownerDesignName>Exp3_s3_Kevin_Lovera</ownerDesignName>
<engineerTo>
<item key="D6C8EA52-8571-FFFA-FE8A-E383058762CE" value="true"/>
</engineerTo>
<sourcePk>A2553898-F4CF-8379-53F9-00D633A87205</sourcePk>
<identifying>false</identifying>
<nameOnSource>tener</nameOnSource>
<nameOnTarget>tener</nameOnTarget>
<optionalSource>true</optionalSource>
<optionalTarget>false</optionalTarget>
<sourceCardinality>1</sourceCardinality>
<sourceEntity>FC983847-4FF2-F962-F662-A4E53683BEBF</sourceEntity>
<targetCardinalityString>*</targetCardinalityString>
<targetEntity>DA31EE28-63AD-B3F8-1289-2524A59E2BA9</targetEntity>
<transferable>true</transferable>
<deleteRule>NO ACTION</deleteRule>
</Relation>