<?xml version = '1.0' encoding = 'UTF-8'?>
<Relation class="oracle.dbtools.crest.model.design.logical.Relation" name="Relation_1" directorySegmentName="seg_0" id="E39ABAF0-8DF9-36E0-D879-6BA3997543A2">
<createdBy>Lenovo</createdBy>
<createdTime>2025-08-30 22:31:43 UTC</createdTime>
<ownerDesignName>Exp3_s3_Kevin_Lovera</ownerDesignName>
<engineerTo>
<item key="D6C8EA52-8571-FFFA-FE8A-E383058762CE" value="true"/>
</engineerTo>
<identifying>false</identifying>
<nameOnSource>supervisa</nameOnSource>
<nameOnTarget>supervisado</nameOnTarget>
<optionalSource>true</optionalSource>
<optionalTarget>false</optionalTarget>
<sourceCardinality>1</sourceCardinality>
<sourceEntity>8DCFFF6C-885A-9C76-0B54-854C5CE08212</sourceEntity>
<targetCardinalityString>*</targetCardinalityString>
<targetEntity>8DCFFF6C-885A-9C76-0B54-854C5CE08212</targetEntity>
<transferable>true</transferable>
<deleteRule>NO ACTION</deleteRule>
</Relation>