<?xml version = '1.0' encoding = 'UTF-8'?>
<Relation class="oracle.dbtools.crest.model.design.logical.Relation" name="Relation_7" directorySegmentName="seg_0" id="32AD312C-83AF-8F9F-E466-9D3DB7E06BE7">
<createdBy>Lenovo</createdBy>
<createdTime>2025-10-13 00:30:44 UTC</createdTime>
<ownerDesignName>Exp3_s9_KevinLovera_modeloRelacional</ownerDesignName>
<engineerTo>
<item key="57C60768-A0F9-EAE7-1A18-E77F7800975D" value="true"/>
</engineerTo>
<sourcePk>FAB068EF-7C77-46CA-5F45-51E89E239924</sourcePk>
<identifying>false</identifying>
<nameOnSource>tiene</nameOnSource>
<nameOnTarget>pertenece</nameOnTarget>
<optionalSource>true</optionalSource>
<optionalTarget>false</optionalTarget>
<sourceCardinality>1</sourceCardinality>
<sourceEntity>A27DD705-C316-C6D8-4E79-20476450AA1A</sourceEntity>
<targetCardinalityString>*</targetCardinalityString>
<targetEntity>7106E454-A885-60F5-9534-AD058906640D</targetEntity>
<transferable>true</transferable>
<deleteRule>NO ACTION</deleteRule>
</Relation>