<?xml version = '1.0' encoding = 'UTF-8'?>
<Relation class="oracle.dbtools.crest.model.design.logical.Relation" name="Relation_1" directorySegmentName="seg_0" id="4C2B2C5F-E98E-DC2D-C066-600365328DB0">
<createdBy>Lenovo</createdBy>
<createdTime>2025-10-13 00:19:29 UTC</createdTime>
<ownerDesignName>Exp3_s9_KevinLovera_modeloRelacional</ownerDesignName>
<engineerTo>
<item key="57C60768-A0F9-EAE7-1A18-E77F7800975D" value="true"/>
</engineerTo>
<sourcePk>56C126F1-F228-5E05-6795-46852B40217E</sourcePk>
<identifying>false</identifying>
<nameOnSource>tiene</nameOnSource>
<nameOnTarget>tiene</nameOnTarget>
<optionalSource>false</optionalSource>
<optionalTarget>false</optionalTarget>
<sourceCardinality>1</sourceCardinality>
<sourceEntity>7BA04A46-36A1-980E-FC0A-BD8FD6BF2917</sourceEntity>
<targetCardinalityString>*</targetCardinalityString>
<targetEntity>A188EE89-4A11-26B1-5D21-67DF7459E361</targetEntity>
<transferable>true</transferable>
<deleteRule>NO ACTION</deleteRule>
</Relation>