<?xml version = '1.0' encoding = 'UTF-8'?>
<Relation class="oracle.dbtools.crest.model.design.logical.Relation" name="Relation_9" directorySegmentName="seg_0" id="6D658415-63B5-F52B-0C30-034D71992C5E">
<createdBy>Lenovo</createdBy>
<createdTime>2025-10-13 00:35:26 UTC</createdTime>
<ownerDesignName>Exp3_s9_KevinLovera_modeloRelacional</ownerDesignName>
<engineerTo>
<item key="57C60768-A0F9-EAE7-1A18-E77F7800975D" value="true"/>
</engineerTo>
<sourcePk>FAB068EF-7C77-46CA-5F45-51E89E239924</sourcePk>
<identifying>true</identifying>
<nameOnSource>realiza</nameOnSource>
<nameOnTarget>realizada</nameOnTarget>
<optionalSource>false</optionalSource>
<optionalTarget>false</optionalTarget>
<sourceCardinality>1</sourceCardinality>
<sourceEntity>DF2D8755-4EDD-C5E6-75B3-86B7555CB5E9</sourceEntity>
<targetCardinalityString>*</targetCardinalityString>
<targetEntity>BEF7FF5D-6BE3-CF8A-310B-0A50B0C48CBF</targetEntity>
<transferable>true</transferable>
<deleteRule>NO ACTION</deleteRule>
</Relation>