<?xml version = '1.0' encoding = 'UTF-8'?>
<Relation class="oracle.dbtools.crest.model.design.logical.Relation" name="Relation_5" directorySegmentName="seg_0" id="70C7F823-8A51-72A7-50A8-960C16B69905">
<createdBy>Lenovo</createdBy>
<createdTime>2025-10-13 00:28:34 UTC</createdTime>
<ownerDesignName>Exp3_s9_KevinLovera_modeloRelacional</ownerDesignName>
<engineerTo>
<item key="57C60768-A0F9-EAE7-1A18-E77F7800975D" value="true"/>
</engineerTo>
<sourcePk>EEA33F4E-077B-04CE-8AA4-C583D99244E6</sourcePk>
<identifying>false</identifying>
<nameOnSource>tiene</nameOnSource>
<nameOnTarget>pertenecen</nameOnTarget>
<optionalSource>false</optionalSource>
<optionalTarget>false</optionalTarget>
<sourceCardinality>1</sourceCardinality>
<sourceEntity>A8689FA6-B059-602F-F8A0-4CA559051C89</sourceEntity>
<targetCardinalityString>*</targetCardinalityString>
<targetEntity>A27DD705-C316-C6D8-4E79-20476450AA1A</targetEntity>
<transferable>true</transferable>
<deleteRule>NO ACTION</deleteRule>
</Relation>