<?xml version = '1.0' encoding = 'UTF-8'?>
<Relation class="oracle.dbtools.crest.model.design.logical.Relation" name="Relation_6" directorySegmentName="seg_0" id="7F42E1A1-3FF0-0613-FF5E-63E7D5A24490">
<createdBy>Lenovo</createdBy>
<createdTime>2025-10-13 00:29:35 UTC</createdTime>
<ownerDesignName>Exp3_s9_KevinLovera_modeloRelacional</ownerDesignName>
<engineerTo>
<item key="57C60768-A0F9-EAE7-1A18-E77F7800975D" value="true"/>
</engineerTo>
<sourcePk>FAB068EF-7C77-46CA-5F45-51E89E239924</sourcePk>
<identifying>false</identifying>
<nameOnSource>tiene</nameOnSource>
<nameOnTarget>tiene</nameOnTarget>
<optionalSource>false</optionalSource>
<optionalTarget>false</optionalTarget>
<sourceCardinality>1</sourceCardinality>
<sourceEntity>CDDFC217-E3BB-6493-E762-8E0C40985651</sourceEntity>
<targetCardinalityString>*</targetCardinalityString>
<targetEntity>4FE97E5C-276D-23C7-9FBC-F21F75F0A9DA</targetEntity>
<transferable>true</transferable>
<deleteRule>NO ACTION</deleteRule>
</Relation>