<?xml version = '1.0' encoding = 'UTF-8'?>
<Relation class="oracle.dbtools.crest.model.design.logical.Relation" name="Relation_8" directorySegmentName="seg_0" id="A1E80D6E-55A7-7DC2-969B-32CB0F2C96CE">
<createdBy>Lenovo</createdBy>
<createdTime>2025-10-13 00:33:51 UTC</createdTime>
<ownerDesignName>Exp3_s9_KevinLovera_modeloRelacional</ownerDesignName>
<engineerTo>
<item key="57C60768-A0F9-EAE7-1A18-E77F7800975D" value="true"/>
</engineerTo>
<sourcePk>C6DCCE0E-C8DD-B3EC-1555-95763591CA50</sourcePk>
<identifying>false</identifying>
<nameOnSource>tiene</nameOnSource>
<nameOnTarget>es de</nameOnTarget>
<optionalSource>true</optionalSource>
<optionalTarget>false</optionalTarget>
<sourceCardinality>1</sourceCardinality>
<sourceEntity>A7BAA2BE-0823-B3D4-5BA7-A7BAA09527CB</sourceEntity>
<targetCardinalityString>*</targetCardinalityString>
<targetEntity>BEF7FF5D-6BE3-CF8A-310B-0A50B0C48CBF</targetEntity>
<transferable>true</transferable>
<deleteRule>NO ACTION</deleteRule>
</Relation>