<?xml version = '1.0' encoding = 'UTF-8'?>
<Relation class="oracle.dbtools.crest.model.design.logical.Relation" name="Relation_4" directorySegmentName="seg_0" id="C3975825-C32E-3E13-8773-5BD127DA335F">
<createdBy>Lenovo</createdBy>
<createdTime>2025-10-13 00:27:50 UTC</createdTime>
<ownerDesignName>Exp3_s9_KevinLovera_modeloRelacional</ownerDesignName>
<engineerTo>
<item key="57C60768-A0F9-EAE7-1A18-E77F7800975D" value="true"/>
</engineerTo>
<sourcePk>61BCAB6E-F77A-01A4-37AD-5A368850EF03</sourcePk>
<identifying>false</identifying>
<nameOnSource>tiene</nameOnSource>
<nameOnTarget>pertenecen</nameOnTarget>
<optionalSource>true</optionalSource>
<optionalTarget>false</optionalTarget>
<sourceCardinality>1</sourceCardinality>
<sourceEntity>043C1B65-5212-9CD8-3725-3F9F8C95A20C</sourceEntity>
<targetCardinalityString>*</targetCardinalityString>
<targetEntity>A27DD705-C316-C6D8-4E79-20476450AA1A</targetEntity>
<transferable>true</transferable>
<deleteRule>NO ACTION</deleteRule>
</Relation>