<?xml version = '1.0' encoding = 'UTF-8'?>
<Relation class="oracle.dbtools.crest.model.design.logical.Relation" name="relacion2" directorySegmentName="seg_0" id="DCE89D06-FBD5-ED9F-48CA-86194F138F3B">
<createdBy>Lenovo</createdBy>
<createdTime>2025-10-13 00:20:53 UTC</createdTime>
<ownerDesignName>Exp3_s9_KevinLovera_modeloRelacional</ownerDesignName>
<engineerTo>
<item key="57C60768-A0F9-EAE7-1A18-E77F7800975D" value="true"/>
</engineerTo>
<sourcePk>A969C4BE-DE17-AE91-9ED0-073E5C42345A</sourcePk>
<identifying>false</identifying>
<nameOnSource>tiene</nameOnSource>
<nameOnTarget>pertenece</nameOnTarget>
<optionalSource>false</optionalSource>
<optionalTarget>true</optionalTarget>
<sourceCardinality>1</sourceCardinality>
<sourceEntity>A188EE89-4A11-26B1-5D21-67DF7459E361</sourceEntity>
<targetCardinalityString>*</targetCardinalityString>
<targetEntity>91A340C3-BD28-52A4-284B-4DA45306E760</targetEntity>
<transferable>true</transferable>
<deleteRule>NO ACTION</deleteRule>
</Relation>