<?xml version = '1.0' encoding = 'UTF-8'?>
<Relation class="oracle.dbtools.crest.model.design.logical.Relation" name="Relation_3" directorySegmentName="seg_0" id="F8FD50D7-EB4D-6C3B-478E-4759353EDE1A">
<createdBy>Lenovo</createdBy>
<createdTime>2025-10-13 00:22:07 UTC</createdTime>
<ownerDesignName>Exp3_s9_KevinLovera_modeloRelacional</ownerDesignName>
<engineerTo>
<item key="57C60768-A0F9-EAE7-1A18-E77F7800975D" value="true"/>
</engineerTo>
<sourcePk>A0D8E91E-0797-1B69-3C22-C1697B3E16EC</sourcePk>
<identifying>false</identifying>
<nameOnSource>dispone</nameOnSource>
<nameOnTarget>pertenece</nameOnTarget>
<optionalSource>false</optionalSource>
<optionalTarget>false</optionalTarget>
<sourceCardinality>1</sourceCardinality>
<sourceEntity>91A340C3-BD28-52A4-284B-4DA45306E760</sourceEntity>
<targetCardinalityString>*</targetCardinalityString>
<targetEntity>A7BAA2BE-0823-B3D4-5BA7-A7BAA09527CB</targetEntity>
<transferable>true</transferable>
<deleteRule>NO ACTION</deleteRule>
</Relation>