<?xml version = '1.0' encoding = 'UTF-8'?>
<Entity class="oracle.dbtools.crest.model.design.logical.Entity" directorySegmentName="seg_0" id="27D73C76-02BB-DD0F-8D9B-0F31FC30B9A5" name="RESIDENCIA">
<createdBy>Lenovo</createdBy>
<createdTime>2025-08-30 14:00:25 UTC</createdTime>
<ownerDesignName>Exp3_s3_Kevin_Lovera</ownerDesignName>
<engineerTo>
<item key="D6C8EA52-8571-FFFA-FE8A-E383058762CE" value="true"/>
</engineerTo>
<adequatelyNormalized>NO</adequatelyNormalized>
<expectedVolumes>0</expectedVolumes>
<fwdEngineeringStrategyName>Single Table</fwdEngineeringStrategyName>
<growthPercent>0</growthPercent>
<growthType>Year</growthType>
<maxVolumes>9999999</maxVolumes>
<minVolumes>0</minVolumes>
<normalForm>Third</normalForm>
<attributes itemClass="oracle.dbtools.crest.model.design.logical.Attribute">
<Attribute name="id_residencia" id="8597840F-895B-AAB4-BC92-35A47CACC5D3">
<createdBy>Lenovo</createdBy>
<createdTime>2025-08-31 00:24:53 UTC</createdTime>
<ownerDesignName>Exp3_s3_Kevin_Lovera</ownerDesignName>
<engineerTo>
<item key="D6C8EA52-8571-FFFA-FE8A-E383058762CE" value="true"/>
</engineerTo>
<useDomainConstraints>false</useDomainConstraints>
<use>1</use>
<logicalDatatype>LOGDT019</logicalDatatype>
<ownDataTypeParameters>,,</ownDataTypeParameters>
</Attribute>
<Attribute name="direccion" id="4EA9BD33-0A0F-E090-5E00-886488E1A1BF">
<createdBy>Lenovo</createdBy>
<createdTime>2025-08-31 00:25:27 UTC</createdTime>
<ownerDesignName>Exp3_s3_Kevin_Lovera</ownerDesignName>
<engineerTo>
<item key="D6C8EA52-8571-FFFA-FE8A-E383058762CE" value="true"/>
</engineerTo>
<useDomainConstraints>false</useDomainConstraints>
<use>1</use>
<logicalDatatype>LOGDT024</logicalDatatype>
<ownDataTypeParameters>,,</ownDataTypeParameters>
</Attribute>
<Attribute name="id_comuna" id="896BC8E8-354C-A695-D91F-20A16ABAC277">
<createdBy>Lenovo</createdBy>
<createdTime>2025-08-31 02:37:25 UTC</createdTime>
<generatorID>BF3D067B-23E1-B250-CC8C-5D0CEFFDBD44</generatorID>
<ownerDesignName>Exp3_s3_Kevin_Lovera</ownerDesignName>
<engineerTo>
<item key="D6C8EA52-8571-FFFA-FE8A-E383058762CE" value="true"/>
</engineerTo>
<referedAttribute>586B027D-BACE-15A7-F987-DA96AF4EBC64</referedAttribute>
<useDomainConstraints>false</useDomainConstraints>
<use>1</use>
<logicalDatatype>LOGDT019</logicalDatatype>
<ownDataTypeParameters>,,</ownDataTypeParameters>
</Attribute>
<Attribute name="telefono" id="E52A7055-AA0B-61D3-A9FB-46959B2669B4">
<createdBy>Lenovo</createdBy>
<createdTime>2025-08-31 15:05:09 UTC</createdTime>
<ownerDesignName>Exp3_s3_Kevin_Lovera</ownerDesignName>
<engineerTo>
<item key="D6C8EA52-8571-FFFA-FE8A-E383058762CE" value="true"/>
</engineerTo>
<nullsAllowed>true</nullsAllowed>
<useDomainConstraints>false</useDomainConstraints>
<use>1</use>
<logicalDatatype>LOGDT019</logicalDatatype>
<ownDataTypeParameters>,,</ownDataTypeParameters>
</Attribute>
</attributes>
<identifiers itemClass="oracle.dbtools.crest.model.design.logical.CandidateKey">
<identifier id="89F15CFC-6969-6945-EF15-E3B5905B6E86" name="RESIDENCIA PK">
<createdBy>Lenovo</createdBy>
<createdTime>2025-08-31 00:24:30 UTC</createdTime>
<ownerDesignName>Exp3_s3_Kevin_Lovera</ownerDesignName>
<engineerTo>
<item key="D6C8EA52-8571-FFFA-FE8A-E383058762CE" value="true"/>
</engineerTo>
<pk>true</pk>
<usedAttributes>
<attributeRef>8597840F-895B-AAB4-BC92-35A47CACC5D3</attributeRef>
</usedAttributes>
</identifier>
</identifiers>
</Entity>