<?xml version = '1.0' encoding = 'UTF-8'?>
<Entity class="oracle.dbtools.crest.model.design.logical.Entity" directorySegmentName="seg_0" id="3D83E775-58EF-DBE3-A17C-85D8BE24D8EE" name="COMUNA">
<createdBy>Lenovo</createdBy>
<createdTime>2025-08-30 14:02:30 UTC</createdTime>
<ownerDesignName>Exp3_s3_Kevin_Lovera</ownerDesignName>
<engineerTo>
<item key="D6C8EA52-8571-FFFA-FE8A-E383058762CE" value="true"/>
</engineerTo>
<adequatelyNormalized>NO</adequatelyNormalized>
<expectedVolumes>0</expectedVolumes>
<fwdEngineeringStrategyName>Single Table</fwdEngineeringStrategyName>
<growthPercent>0</growthPercent>
<growthType>Year</growthType>
<maxVolumes>9999999</maxVolumes>
<minVolumes>0</minVolumes>
<normalForm>Third</normalForm>
<attributes itemClass="oracle.dbtools.crest.model.design.logical.Attribute">
<Attribute name="id_comuna" id="586B027D-BACE-15A7-F987-DA96AF4EBC64">
<createdBy>Lenovo</createdBy>
<createdTime>2025-08-30 23:08:50 UTC</createdTime>
<ownerDesignName>Exp3_s3_Kevin_Lovera</ownerDesignName>
<engineerTo>
<item key="D6C8EA52-8571-FFFA-FE8A-E383058762CE" value="true"/>
</engineerTo>
<useDomainConstraints>false</useDomainConstraints>
<use>1</use>
<logicalDatatype>LOGDT019</logicalDatatype>
<ownDataTypeParameters>,,</ownDataTypeParameters>
</Attribute>
<Attribute name="nombre_comuna" id="259D00BE-A88F-3C4A-7751-7F2F941ADC3C">
<createdBy>Lenovo</createdBy>
<createdTime>2025-08-31 02:37:07 UTC</createdTime>
<ownerDesignName>Exp3_s3_Kevin_Lovera</ownerDesignName>
<engineerTo>
<item key="D6C8EA52-8571-FFFA-FE8A-E383058762CE" value="true"/>
</engineerTo>
<useDomainConstraints>false</useDomainConstraints>
<use>1</use>
<logicalDatatype>LOGDT024</logicalDatatype>
<ownDataTypeParameters>,,</ownDataTypeParameters>
</Attribute>
</attributes>
<identifiers itemClass="oracle.dbtools.crest.model.design.logical.CandidateKey">
<identifier id="351D145E-174F-48DA-7EC9-AC6218D045C1" name="COMUNA PK">
<createdBy>Lenovo</createdBy>
<createdTime>2025-08-30 23:08:58 UTC</createdTime>
<ownerDesignName>Exp3_s3_Kevin_Lovera</ownerDesignName>
<engineerTo>
<item key="D6C8EA52-8571-FFFA-FE8A-E383058762CE" value="true"/>
</engineerTo>
<pk>true</pk>
<usedAttributes>
<attributeRef>586B027D-BACE-15A7-F987-DA96AF4EBC64</attributeRef>
</usedAttributes>
</identifier>
</identifiers>
</Entity>