<?xml version = '1.0' encoding = 'UTF-8'?>
<Entity class="oracle.dbtools.crest.model.design.logical.Entity" directorySegmentName="seg_0" id="750ACCCE-3B3C-E252-D9B1-5852C1D40B0E" name="HABITACION">
<createdBy>Lenovo</createdBy>
<createdTime>2025-08-30 14:02:22 UTC</createdTime>
<ownerDesignName>Exp3_s3_Kevin_Lovera</ownerDesignName>
<engineerTo>
<item key="D6C8EA52-8571-FFFA-FE8A-E383058762CE" value="true"/>
</engineerTo>
<adequatelyNormalized>NO</adequatelyNormalized>
<expectedVolumes>0</expectedVolumes>
<fwdEngineeringStrategyName>Single Table</fwdEngineeringStrategyName>
<growthPercent>0</growthPercent>
<growthType>Year</growthType>
<maxVolumes>9999999</maxVolumes>
<minVolumes>0</minVolumes>
<normalForm>Third</normalForm>
<attributes itemClass="oracle.dbtools.crest.model.design.logical.Attribute">
<Attribute name="numero_habitacion" id="4B5EFAD3-B608-611A-1367-FC597D3E7815">
<createdBy>Lenovo</createdBy>
<createdTime>2025-08-31 00:12:23 UTC</createdTime>
<ownerDesignName>Exp3_s3_Kevin_Lovera</ownerDesignName>
<engineerTo>
<item key="D6C8EA52-8571-FFFA-FE8A-E383058762CE" value="true"/>
</engineerTo>
<useDomainConstraints>false</useDomainConstraints>
<use>1</use>
<logicalDatatype>LOGDT019</logicalDatatype>
<ownDataTypeParameters>,,</ownDataTypeParameters>
</Attribute>
<Attribute name="piso" id="7B4F4EBE-063B-3EB0-14D7-E5367AD20C03">
<createdBy>Lenovo</createdBy>
<createdTime>2025-08-31 00:13:09 UTC</createdTime>
<ownerDesignName>Exp3_s3_Kevin_Lovera</ownerDesignName>
<engineerTo>
<item key="D6C8EA52-8571-FFFA-FE8A-E383058762CE" value="true"/>
</engineerTo>
<nullsAllowed>true</nullsAllowed>
<useDomainConstraints>false</useDomainConstraints>
<use>1</use>
<logicalDatatype>LOGDT019</logicalDatatype>
<ownDataTypeParameters>,,</ownDataTypeParameters>
</Attribute>
<Attribute name="rut_residente" id="DD74C6E8-9B96-BAA4-8D14-F7D429522A86">
<createdBy>Lenovo</createdBy>
<createdTime>2025-08-31 00:19:39 UTC</createdTime>
<generatorID>4D990046-3719-6CCA-022E-0D89717815C5</generatorID>
<ownerDesignName>Exp3_s3_Kevin_Lovera</ownerDesignName>
<engineerTo>
<item key="D6C8EA52-8571-FFFA-FE8A-E383058762CE" value="true"/>
</engineerTo>
<referedAttribute>65CBBFFD-7BBF-E93C-364B-9560720CCCE0</referedAttribute>
<useDomainConstraints>false</useDomainConstraints>
<use>1</use>
<logicalDatatype>LOGDT024</logicalDatatype>
<ownDataTypeParameters>,,</ownDataTypeParameters>
</Attribute>
<Attribute name="id_residencia" id="06DC903E-E490-5ACD-0F08-19883BE0E162">
<createdBy>Lenovo</createdBy>
<createdTime>2025-08-31 00:25:57 UTC</createdTime>
<generatorID>251EB711-B582-436F-071B-807CB21CDCDE</generatorID>
<ownerDesignName>Exp3_s3_Kevin_Lovera</ownerDesignName>
<engineerTo>
<item key="D6C8EA52-8571-FFFA-FE8A-E383058762CE" value="true"/>
</engineerTo>
<referedAttribute>8597840F-895B-AAB4-BC92-35A47CACC5D3</referedAttribute>
<useDomainConstraints>false</useDomainConstraints>
<use>1</use>
<logicalDatatype>LOGDT019</logicalDatatype>
<ownDataTypeParameters>,,</ownDataTypeParameters>
</Attribute>
</attributes>
<identifiers itemClass="oracle.dbtools.crest.model.design.logical.CandidateKey">
<identifier id="A292F5DF-8DDA-A890-54AF-8D3BDA4775D1" name="HABITACION PK">
<createdBy>Lenovo</createdBy>
<createdTime>2025-08-31 00:16:08 UTC</createdTime>
<ownerDesignName>Exp3_s3_Kevin_Lovera</ownerDesignName>
<engineerTo>
<item key="D6C8EA52-8571-FFFA-FE8A-E383058762CE" value="true"/>
</engineerTo>
<pk>true</pk>
<usedAttributes>
<attributeRef>4B5EFAD3-B608-611A-1367-FC597D3E7815</attributeRef>
</usedAttributes>
</identifier>
</identifiers>
</Entity>