<?xml version = '1.0' encoding = 'UTF-8'?>
<Entity class="oracle.dbtools.crest.model.design.logical.Entity" directorySegmentName="seg_0" id="DA31EE28-63AD-B3F8-1289-2524A59E2BA9" name="HISTORIAL_INGRESO">
<createdBy>Lenovo</createdBy>
<createdTime>2025-08-31 15:10:18 UTC</createdTime>
<ownerDesignName>Exp3_s3_Kevin_Lovera</ownerDesignName>
<engineerTo>
<item key="D6C8EA52-8571-FFFA-FE8A-E383058762CE" value="true"/>
</engineerTo>
<adequatelyNormalized>NO</adequatelyNormalized>
<expectedVolumes>0</expectedVolumes>
<fwdEngineeringStrategyName>Single Table</fwdEngineeringStrategyName>
<growthPercent>0</growthPercent>
<growthType>Year</growthType>
<maxVolumes>9999999</maxVolumes>
<minVolumes>0</minVolumes>
<normalForm>Third</normalForm>
<attributes itemClass="oracle.dbtools.crest.model.design.logical.Attribute">
<Attribute name="rut_residente" id="6B998D49-5588-6D80-97A6-948844D8711E">
<createdBy>Lenovo</createdBy>
<createdTime>2025-08-31 15:11:14 UTC</createdTime>
<generatorID>CED66F5E-6F2E-1647-C9F6-5873DCB033FA</generatorID>
<ownerDesignName>Exp3_s3_Kevin_Lovera</ownerDesignName>
<engineerTo>
<item key="D6C8EA52-8571-FFFA-FE8A-E383058762CE" value="true"/>
</engineerTo>
<referedAttribute>65CBBFFD-7BBF-E93C-364B-9560720CCCE0</referedAttribute>
<useDomainConstraints>false</useDomainConstraints>
<use>1</use>
<logicalDatatype>LOGDT024</logicalDatatype>
<ownDataTypeParameters>,,</ownDataTypeParameters>
</Attribute>
<Attribute name="id_contrato" id="86248743-0408-491F-13F7-68982E445252">
<createdBy>Lenovo</createdBy>
<createdTime>2025-08-31 15:11:42 UTC</createdTime>
<generatorID>6A65D6A7-6823-500F-AEDB-A5751685783F</generatorID>
<ownerDesignName>Exp3_s3_Kevin_Lovera</ownerDesignName>
<engineerTo>
<item key="D6C8EA52-8571-FFFA-FE8A-E383058762CE" value="true"/>
</engineerTo>
<referedAttribute>AF6167BF-2F1D-C7DD-2C0B-ECDB55B831CB</referedAttribute>
<useDomainConstraints>false</useDomainConstraints>
<use>1</use>
<logicalDatatype>LOGDT024</logicalDatatype>
<ownDataTypeParameters>,,</ownDataTypeParameters>
</Attribute>
<Attribute name="cantidad_ingresos" id="B041A231-1542-3B30-B432-1F9AE021AD25">
<createdBy>Lenovo</createdBy>
<createdTime>2025-08-31 15:12:05 UTC</createdTime>
<ownerDesignName>Exp3_s3_Kevin_Lovera</ownerDesignName>
<engineerTo>
<item key="D6C8EA52-8571-FFFA-FE8A-E383058762CE" value="true"/>
</engineerTo>
<useDomainConstraints>false</useDomainConstraints>
<use>1</use>
<logicalDatatype>LOGDT019</logicalDatatype>
<ownDataTypeParameters>,,</ownDataTypeParameters>
</Attribute>
</attributes>
</Entity>